account_key,bank_key,account_number,entity_id,laundering_sent_count,laundering_received_count,laundering_participations
691170,72647,100428660,2AA207C1D80,1524,4,1528
691441,72647,1004286A8,2AA1E412530,955,1,956
691742,72647,1004286F0,2AA1EF90E80,280,0,280
696599,72647,1004289C0,2AA2053BE70,193,0,193
697201,72647,100428858,2AA1FAAE9F0,164,0,164
690518,72647,1004287C8,2AA1F755010,139,1,140
696951,72647,100428810,2AA1FA6EF30,133,0,133
697500,72647,1004288A0,2AA2073DA80,126,0,126
690270,72647,100428780,2AA204AC7D0,114,0,114
697729,72647,1004288E8,2AA1FE8CF20,113,0,113
696276,72647,100428978,2AA1FE77150,108,0,108
689949,72647,100428738,2AA1F3CC8F0,100,0,100
696037,72647,100428930,2AA20023E90,94,0,94
705190,121716,81C393430,2AA1F6F5630,46,45,91
947319,52434,81BBEA160,2AA1F729E30,43,41,84
695163,72647,100428A51,2AA208AC7D0,75,0,75
694866,72647,100428A08,2AA219D3C80,72,0,72
1374563,85402,800ED43D0,2AA1CAA0140,29,37,66
1345852,99242,824BF8940,2AA1FA00EE0,20,40,60
204342,59701,824BF4150,2AA1D888590,31,28,59
1042054,59773,83000D0D0,2AA1F1B43C0,33,24,57
100846,121716,81ACBE4A0,2AA1F6F3050,27,27,54
1111512,64580,8038DA860,2AA1CE713C0,24,26,50
1373392,117113,803C25F20,2AA1CEFB800,27,22,49
540072,87597,804682F80,2AA1CFB5C20,27,21,48
1039994,121716,81C387B50,2AA1F6F55D0,27,19,46
872467,46578,81C38D180,2AA1F6EEBF0,24,22,46
1543600,74225,822C3FBE0,2AA1F8DEC80,23,23,46
1303772,21050,824EFD540,2AA1FA816D0,22,24,46
1087426,84395,824D54C10,2AA206EB910,23,22,45
460407,15514,81E25E8A0,2AA1D867250,19,26,45
1356895,97716,823DD3180,2AA1F88C930,19,26,45
458832,63374,823DD2F90,2AA1F9C0560,24,20,44
1467777,95064,824EFD4F0,2AA1F9F7DA0,23,21,44
1943321,87597,824D54C60,2AA20649760,23,21,44
1512143,107339,81EA58E80,2AA1D726C10,22,22,44
1692833,54534,824C0E130,2AA1F993580,20,23,43
1976062,73952,8076420F0,2AA1E53D850,26,16,42
91914,104344,823D31B40,2AA1CDA66E0,23,19,42
1027197,121716,81B787700,2AA1F6F4550,21,21,42
1025158,101975,81A875B90,2AA1F6E55D0,20,22,42
917079,40694,805754320,2AA206F2670,19,23,42
795222,55703,823D33310,2AA1D518DF0,17,25,42
231565,104848,81A403A90,2AA1D8A03F0,22,19,41
1184514,114088,824C0E180,2AA1F952A60,22,19,41
1890519,69414,823DD2B80,2AA1F9327E0,22,19,41
1630963,70161,81C5B2AB0,2AA1F7C80B0,17,24,41
1253267,118814,81DC1E690,2AA1DAFDC30,18,22,40
1453695,31613,81C3680B0,2AA1F793CB0,20,19,39
645000,81792,805753DD0,2AA1CEBA040,18,21,39
1627734,51830,830462B80,2AA1FCCA4E0,18,21,39
1658940,74468,824D54BC0,2AA1CD8DFC0,18,21,39
103600,119099,81A790740,2AA1F6D7DF0,17,22,39
1545534,25775,830314840,2AA1D45CF50,22,16,38
1448554,6912,830314890,2AA20147010,16,22,38
463496,86180,81C387820,2AA1F75CA30,15,23,38
199460,88954,807D36770,2AA1D00EE60,13,25,38
288112,4116,8301A0340,2AA1FE08BB0,20,17,37
978275,45503,824D40080,2AA1F9D4F20,19,18,37
205725,17171,824D40030,2AA1F8DA280,18,19,37
28091,59513,81C393240,2AA1F774230,17,20,37
852871,87834,82E6C0F40,2AA1FDB1D50,15,22,37
1482508,20040,822C47980,2AA1F899730,14,23,37
64060,80142,83000CE40,2AA1FD43FE0,30,6,36
911630,47023,824DBE020,2AA1F93DF20,22,14,36
103930,119099,81A790790,2AA1F764490,20,16,36
708393,27742,8237E7A50,2AA1F94B8A0,15,21,36
189209,22421,821F8B330,2AA1FA56F90,13,23,36
460562,16258,81C3889D0,2AA1F80D7E0,25,10,35
957699,97716,821EBA890,2AA1F884E90,15,20,35
438552,34181,814F19890,2AA1CF5AF80,14,21,35
972739,13275,816F35E10,2AA1D35D0F0,22,12,34
92094,8201,81C389DF0,2AA1D604CF0,21,13,34
1875483,55743,820D462D0,2AA1D654E50,21,13,34
413544,77966,824D39E70,2AA1CFAD840,15,19,34
462735,10135,81C389FE0,2AA1D441950,13,21,34
806791,12822,8076422E0,2AA1E3935F0,23,10,33
691261,17171,822266F70,2AA1F8D2060,22,11,33
100663,28657,824D3A370,2AA1DBC8ED0,18,15,33
1943204,97716,822577140,2AA1F886750,18,15,33
771290,97716,82232F700,2AA1F886210,23,9,32
1905028,105108,8237E7AA0,2AA1FA29280,19,13,32
859906,17325,823C628A0,2AA1D9378B0,18,14,32
199255,54664,82230CE40,2AA1F89E620,17,15,32
1369119,101594,8222D14F0,2AA1F8C9CA0,13,19,32
830103,3170,81C5B2A60,2AA1F69FCD0,19,12,31
186964,85571,822F69B70,2AA1F8F83C0,16,15,31
1229632,12145,8013E8810,2AA1E184070,15,16,31
1178487,34505,801BE54A0,2AA1CC4FF00,13,18,31
1473650,22421,8225DAC20,2AA1F8B79C0,8,23,31
618771,18711,83000CAC0,2AA1FD70010,7,24,31
1484280,51314,81C388930,2AA1F702990,20,10,30
8838,98670,824C0A830,2AA1F942B60,16,14,30
289592,111326,8010ADE30,2AA1CB59040,16,14,30
1190583,98691,823DD25D0,2AA1F96C3E0,14,16,30
1476309,63676,824B511E0,2AA1F9F24E0,14,16,30
1789050,79403,81494D550,2AA1F4A8EA0,14,16,30
411102,17171,8222D5910,2AA1F8D26C0,12,18,30
805871,64473,81B56A280,2AA1F6C2910,6,24,30
1747497,28985,83000CEE0,2AA1FCA44D0,20,9,29
75559,7065,816572970,2AA1F5617E0,17,12,29
1409661,31290,813C40BE0,2AA202EDF90,15,14,29
1801826,52541,811069C40,2AA2069BAE0,15,14,29
1091061,86501,811D9B520,2AA206F12F0,14,15,29
978545,121918,81274B3C0,2AA20692340,13,16,29
1874627,94068,817987780,2AA205303B0,13,16,29
29912,78590,801801790,2AA20555850,12,17,29
1168316,97716,822C47930,2AA1F889E70,20,8,28
652588,121508,81B787D20,2AA1F878440,17,11,28
414749,33745,81B41F3B0,2AA1F756830,16,12,28
1135711,94609,8084507F0,2AA1EE44090,16,12,28
683333,117639,8011E0C40,2AA1EB4F0B0,15,13,28
260796,101975,81A4C4A70,2AA1F6E4490,14,14,28
379148,99242,824D3DA90,2AA1F8D4D00,14,14,28
698769,98691,8234B06D0,2AA1F96B840,14,14,28
475282,10918,8228B97D0,2AA1F915360,13,15,28
1800232,2996,8057540B0,2AA1CDBAC00,13,15,28
1881475,37374,82228E410,2AA1F8BF6C0,13,15,28
1731914,9654,80F6FF850,2AA1D63CBB0,12,16,28
1884457,38572,8048C2B80,2AA1E25AD70,12,16,28
1108821,22324,82E6C08C0,2AA1FCC59F0,11,17,28
1199724,78590,8001C92D0,2AA1CA71680,17,10,27
76549,85402,823A04B70,2AA1CAA8FC0,16,11,27
818496,25142,807B82B00,2AA20640A80,16,11,27
2048742,22945,803B10420,2AA1ECE60D0,15,12,27
185135,121716,81C5B3130,2AA1F6F5930,14,13,27
1303678,52975,817A58EA0,2AA1F5CC3C0,14,13,27
1309996,20669,80D9EBBC0,2AA1F1FD8C0,14,13,27
1110293,116346,823D1A4B0,2AA1EBEEF50,13,14,27
469247,45652,8246DABE0,2AA1F9B48A0,12,15,27
1442473,55493,80CE86890,2AA1F1ECF00,12,15,27
1250581,16121,800869400,2AA1E81F950,11,16,27
210345,101594,82228E460,2AA1F8C8D20,17,9,26
1772351,27002,8160DFD60,2AA1E8B1990,16,10,26
2022557,109141,805666210,2AA20550570,16,10,26
1273017,57396,801612F60,2AA1E3622B0,15,11,26
804545,37433,8006797B0,2AA1FFB82D0,14,12,26
983198,54664,8000BC940,2AA1F8B4780,14,12,26
1584895,23907,8163CD9B0,2AA2073F840,14,12,26
73768,50007,824DFCB30,2AA1D8EE970,13,13,26
1002528,54664,824D3DA40,2AA1F8A5400,13,13,26
1707815,40952,80BA00AC0,2AA1CECA160,13,13,26
840525,2546,81EB927A0,2AA20147ED0,12,14,26
1819287,79056,80006FD60,2AA1CA7F530,17,8,25
189112,97356,823DD2390,2AA1F9AD3C0,14,11,25
557187,59902,80549DF90,2AA206BCE30,14,11,25
701398,116960,823D1A460,2AA1ECCD8D0,13,12,25
384990,16121,8003B2740,2AA1E3DB030,12,13,25
293681,76000,8002992C0,2AA1E13B4B0,11,14,25
1891300,39026,8137A6140,2AA1F437210,10,15,25
75921,18990,81B787AD0,2AA1F718910,9,16,25
881661,89187,80241F020,2AA1CBB4620,9,16,25
548264,60167,80651B5B0,2AA1E271DB0,16,8,24
1674381,95435,82A82EAD0,2AA2074BFA0,15,9,24
1116087,40782,809DA7380,2AA1E802270,14,10,24
105408,54664,822286580,2AA1F8AA020,13,11,24
436630,10542,80DD650C0,2AA1F15A560,10,14,24
1001888,87856,80928C430,2AA1E667150,10,14,24
290403,24617,805486F80,2AA1CB13140,9,15,24
569539,8359,82E921920,2AA1FCBC8B0,9,15,24
898839,42751,80A57B2A0,2AA1CF60E80,9,15,24
1715409,91602,8120DD1A0,2AA1F05C940,9,15,24
1061005,79056,8151C14C0,2AA1CA89FA0,16,7,23
507417,10451,80E618530,2AA1F14BF60,15,8,23
1433190,34838,80150B880,2AA207F43C0,15,8,23
1743331,92425,81022C5B0,2AA20440490,15,8,23
1883903,9085,8025D0670,2AA1E402C50,15,8,23
2027215,32677,8041EA080,2AA1CF7BC00,15,8,23
762559,41204,807D33400,2AA1E379770,14,9,23
130779,26743,81C388DE0,2AA1F6AEDB0,13,10,23
1119097,37433,80038CAF0,2AA1CAC81C0,13,10,23
620688,93284,8089A1B20,2AA1E447B70,12,11,23
1393571,119327,806D0F090,2AA1E695750,12,11,23
1626489,54664,8237E36B0,2AA1F8A3E40,11,12,23
1804511,86604,80139E060,2AA1CBE0440,11,12,23
1118760,37374,8226B9820,2AA1F8C1E80,10,13,23
1041161,91213,80518DDF0,2AA208571B0,8,15,23
533618,57921,80BA1A0C0,2AA1E6E78B0,7,16,23
719522,32408,81B789790,2AA1F76E5D0,7,16,23
1070202,59420,811364CB0,2AA1ED6E310,16,6,22
2214,103898,80139DE20,2AA1CB65D20,15,7,22
39840,84434,80A7EDA40,2AA1E5CE8F0,14,8,22
1143694,120790,824CAF320,2AA1F9CF780,14,8,22
86985,9427,80D3894E0,2AA205C8EC0,13,9,22
642480,55703,80BB24EE0,2AA205D2B60,13,9,22
211195,20270,82E6C0C30,2AA1FD173C0,12,10,22
1529421,39925,824DFC8F0,2AA1DB54130,12,10,22
1734799,88164,81C394830,2AA1F735ED0,12,10,22
1808098,92540,813E93B70,2AA1F508D80,11,11,22
144885,23748,81BF8B070,2AA1F71EA50,10,12,22
1076425,8066,81181EBD0,2AA2060FB40,9,13,22
1560435,113412,81CFFDBE0,2AA1D753810,9,13,22
1196492,4075,824D406A0,2AA1F9BE2C0,8,14,22
1517067,1213,8072FF760,2AA1ED9B810,7,15,22
1739948,22186,80DCF0050,2AA1D277F20,6,16,22
2044692,68538,8147BCEB0,2AA1F3B3CD0,16,5,21
1154838,51314,81A794B80,2AA1F6FF750,15,6,21
1225684,22421,821FCBB20,2AA1F8B59E0,15,6,21
1998939,32260,804FBCD00,2AA1E2C2BB0,15,6,21
1162733,8877,818438540,2AA1F5B0040,14,7,21
924495,79703,8112B4FC0,2AA1D34E630,13,8,21
1119473,82406,8116ADF60,2AA1F249CE0,13,8,21
1758507,79482,82370A0A0,2AA1F8F1BC0,13,8,21
2028733,14782,83000DC90,2AA1FCF89C0,12,9,21
1244230,77073,802A101F0,2AA20300F50,11,10,21
141383,99576,80DBEC1A0,2AA1EF9C960,10,11,21
419886,74225,824BF89E0,2AA1F9511A0,9,12,21
1002529,25696,821FBD2C0,2AA1F890EB0,9,12,21
1743621,88387,8093F0380,2AA2075FF80,9,12,21
18642,17581,8019BEC80,2AA1EDE0010,8,13,21
821477,26743,81C5B2870,2AA1F6AEF90,6,15,21
1684328,115319,801172940,2AA1E302450,5,16,21
1782102,7517,819136F80,2AA20546030,5,16,21
1456990,49665,823D5E760,2AA1D8E0230,4,17,21
1513351,97333,8080E22A0,2AA2071EC80,19,1,20
479643,3170,84221D110,2AA2032EC40,18,2,20
96447,58609,813C060C0,2AA2064A360,16,4,20
945441,13845,8001B9F20,2AA1E0DEAC0,16,4,20
1047131,85213,802160660,2AA1E209D50,16,4,20
156630,113629,80EDF7990,2AA2078BD00,12,8,20
516526,86584,80A28F990,2AA1EEA9D60,12,8,20
1467271,49810,806826180,2AA1ECEF250,12,8,20
7561,84395,800E96070,2AA2030BC50,11,9,20
776815,17171,8230E3350,2AA1F954400,11,9,20
783922,34512,81AC200E0,2AA1F6AAC70,11,9,20
798913,10451,80AF37BD0,2AA1F020980,11,9,20
1431354,7517,80538C0B0,2AA1CE4C8A0,11,9,20
1460915,114110,8148629C0,2AA1EAD4330,11,9,20
1810276,82630,80C7F2F20,2AA1CFDF7A0,10,10,20
120417,12450,81B787840,2AA1F78AEF0,9,11,20
663165,37374,8222D5BD0,2AA1F8DAF40,9,11,20
874179,78590,800335340,2AA204F6C50,9,11,20
1589919,99490,804C15830,2AA1CDF1700,9,11,20
1799732,43397,83000DC40,2AA1FCA9990,9,11,20
490106,87649,81629EC50,2AA1F590C00,8,12,20
1061364,110844,8237E8F10,2AA1DBCCDB0,8,12,20
1053716,83110,81EB70270,2AA1CD86A40,7,13,20
1380498,85213,800D74CB0,2AA1E2089D0,6,14,20
1662891,75618,8157E85A0,2AA1F498F20,5,15,20
956759,89714,804A44D30,2AA1E6985D0,4,16,20
2028081,35823,82F0F81E0,2AA1DDB6590,4,16,20
17142,60003,805B65B80,2AA2056AEE0,14,5,19
1987169,58001,800A0BBE0,2AA1E240730,14,5,19
460888,37798,81C394920,2AA1F82CD40,12,7,19
631315,22421,8225A6290,2AA1F8B7540,12,7,19
1064287,111626,80321FBF0,2AA1CD4A7E0,11,8,19
1023725,116981,80E4A3520,2AA1E609750,10,9,19
1663166,86604,801F15560,2AA1CBE1FA0,10,9,19
8074,110986,824BF3AF0,2AA1DA37850,9,10,19
601841,54327,805754590,2AA2061AF80,9,10,19
921896,42437,81ACBDE40,2AA1F722610,9,10,19
1052008,85571,8232A24D0,2AA1F8F9200,9,10,19
1385342,63481,81ADA8980,2AA1F70BDF0,9,10,19
1868229,122269,805753EC0,2AA207A7420,9,10,19
1457148,91173,80A591190,2AA206192A0,7,12,19
2042487,55385,81159B9F0,2AA1F229C80,7,12,19
339215,8608,815AFA470,2AA206C3810,6,13,19
1075436,92619,80965ACD0,2AA1E7225D0,6,13,19
1676717,78590,8003E6690,2AA1CA72BE0,6,13,19
718076,16610,803EBB430,2AA1E1AAC10,4,15,19
1966350,16523,8008C8060,2AA1EE896C0,4,15,19
801317,81154,81546C290,2AA1F4CA9A0,3,16,19
285197,37433,8001D94F0,2AA2066B980,2,17,19
1776918,113446,80014AA60,2AA1ECF11F0,2,17,19
714852,74075,8004ABD10,2AA1EC74410,16,2,18
985528,69024,811906800,2AA1F2B7080,13,5,18
897965,76724,801801740,2AA1CC887E0,12,6,18
1377049,29841,80C063BD0,2AA1D41B690,12,6,18
330151,7991,824911650,2AA1F9267A0,11,7,18
789682,70197,8237E8D20,2AA1DBF5C90,11,7,18
955916,120692,802CF07E0,2AA1E27F650,11,7,18
1411714,108192,823594DF0,2AA2046DE30,11,7,18
1068919,101517,8304659F0,2AA1FE01CF0,10,8,18
597707,84395,801632D70,2AA1CB02B60,9,9,18
1192223,30584,800418310,2AA202DF4F0,9,9,18
1610181,68739,804B45920,2AA1CDB25A0,9,9,18
137118,12450,81C388980,2AA1F6F2450,8,10,18
218209,97716,82210D590,2AA1F885550,8,10,18
225853,12585,82E921690,2AA1FD80410,8,10,18
1633503,26800,8304659A0,2AA1FE11D50,8,10,18
708780,89017,82DD5AA30,2AA1FCF52A0,7,11,18
1482411,83924,80B15FAE0,2AA1E71ACD0,7,11,18
2015672,7470,800D47040,2AA1ECFE930,7,11,18
186905,25696,821F8B2E0,2AA1F890850,6,12,18
409625,98854,822F7EDA0,2AA1F90F4C0,6,12,18
996680,48383,808F8BC10,2AA1F379F30,6,12,18
1845900,25664,81D44C0C0,2AA206FEB70,6,12,18
2005182,37798,81B272210,2AA1F6BB690,5,13,18
428805,34245,81829D210,2AA1F692F90,2,16,18
2084477,101146,82601E630,2AA208274A0,2,16,18
1141320,113446,800163AD0,2AA2058AE80,16,1,17
1477727,4815,816BABAD0,2AA1E4D8DF0,16,1,17
468040,4671,80CB1CA30,2AA1EF37FA0,13,4,17
8892,38572,801731BC0,2AA1E92E610,12,5,17
133390,115780,82AD58260,2AA1FBC40B0,11,6,17
940383,72387,8131FFB20,2AA1F465C80,11,6,17
1864719,72631,823C67A30,2AA1D795910,11,6,17
244744,4575,8233DCA00,2AA206E7CD0,10,7,17
1460476,77116,8130DCC50,2AA1D336B30,10,7,17
1466546,101594,8225DB4C0,2AA1F8CB440,10,7,17
1705566,11847,825161720,2AA1F9DA580,10,7,17
422781,82949,8230E3120,2AA1F900D80,9,8,17
199817,63174,823D26E50,2AA1D6DFD10,8,9,17
649834,109325,83363BC60,2AA1FE760D0,8,9,17
698071,12450,82DCAA2B0,2AA1FCAF480,8,9,17
1262431,87015,802433DF0,2AA2076FA00,8,9,17
880359,18711,82F31CAE0,2AA1FD6EC90,7,10,17
891110,63479,81A259F90,2AA206E6C30,7,10,17
1093185,23727,8018BE510,2AA1CC75780,7,10,17
1600457,77658,82B75BF30,2AA1FC35A30,6,11,17
1382222,27717,800452060,2AA2050B7B0,5,12,17
41338,102914,80B6F8DC0,2AA1D4865B0,4,13,17
1638444,26019,81DAFBE70,2AA1F8125C0,2,15,17
990991,36605,803AF7560,2AA1E2FB770,1,16,17
431895,18992,80031A190,2AA1EE4AEB0,0,17,17
35131,46720,81442A7C0,2AA1F51D540,16,0,16
125312,60506,80F255DF0,2AA1EFEF080,16,0,16
230614,40984,804CC69B0,2AA1EF5C380,16,0,16
312335,12172,8028810E0,2AA1E2E5870,16,0,16
394427,20040,823385560,2AA20306B90,16,0,16
496186,58309,812923D20,2AA20509030,16,0,16
519619,46766,81A8EAB90,2AA1DA86370,16,0,16
629165,13845,800326900,2AA1E0DF900,16,0,16
724618,93695,80C140900,2AA1D1C7E80,16,0,16
937538,111618,819F8EA40,2AA1D33C130,16,0,16
966809,39320,80E777630,2AA1EFF24C0,16,0,16
1218231,34505,802AE7A60,2AA1CC512E0,16,0,16
1435678,42437,81F05D600,2AA1F727410,16,0,16
1511351,45703,807CBACB0,2AA1E1E95D0,16,0,16
1627573,90157,8208292D0,2AA1E4EFA30,16,0,16
1745345,90776,81323ED30,2AA1F46F100,16,0,16
1756790,87962,80B292EF0,2AA1E5A3150,16,0,16
1212614,58419,823D5E570,2AA1DBA3330,15,1,16
1787889,44824,8000EB430,2AA2031B1E0,15,1,16
560074,67144,801E0B570,2AA2069B840,13,3,16
1431691,101594,8222D5680,2AA1F8C9D60,13,3,16
719529,8534,80AB22910,2AA1E802150,11,5,16
455917,23444,8018BE320,2AA1CAB06C0,10,6,16
1201134,82630,805754540,2AA207AAE00,10,6,16
191762,7924,824D608A0,2AA1F920060,9,7,16
349432,117504,824F0F060,2AA1F968A60,9,7,16
829891,77708,8230E32B0,2AA1F99B360,9,7,16
985009,19477,80206AA80,2AA1CB36A80,9,7,16
1977457,87834,83000D8D0,2AA1FD67720,9,7,16
273595,107367,80CD91DC0,2AA1F07D040,8,8,16
348365,78590,800E95FD0,2AA1CA75280,8,8,16
617344,68117,8081672E0,2AA1E24A7D0,7,9,16
1918524,101382,824DFC940,2AA2027D730,7,9,16
803736,27331,80AA65BE0,2AA1CD1A840,6,10,16
944644,69737,8016612D0,2AA1CB7F6E0,5,11,16
1190721,101891,82519A2F0,2AA1EC347F0,4,12,16
350052,59902,80392AA70,2AA1CE01160,3,13,16
1387578,78590,8005D5AC0,2AA207CD060,3,13,16
1167745,12450,8000C7720,2AA1FCADDD0,2,14,16
1263353,101323,800575BE0,2AA202FC9D0,2,14,16
1979420,89314,80B5573B0,2AA1E8E1630,2,14,16
620175,32192,800CC74A0,2AA1CBA47C0,1,15,16
1275124,108177,802B30680,2AA1E335710,1,15,16
1917444,24617,800562A30,2AA1CB0C000,1,15,16
28381,57337,820F09D80,2AA1D079740,0,16,16
80831,80710,812C9B4B0,2AA1D0DD660,0,16,16
104841,118024,81B39E9F0,2AA20755980,0,16,16
317546,60321,8194BDD80,2AA1F653F30,0,16,16
323199,78544,803858180,2AA1E16EFD0,0,16,16
378261,15896,81B348F20,2AA2057D900,0,16,16
404872,112400,811303B00,2AA1D1AC480,0,16,16
559087,102538,81D5F95F0,2AA20821380,0,16,16
596460,57391,813465EB0,2AA1D59CFD0,0,16,16
688959,24617,80293D1C0,2AA2030D830,0,16,16
838261,34541,817137F60,2AA1CF1B7A0,0,16,16
964231,90776,812D6EF10,2AA1F432150,0,16,16
1050708,58454,813EFB010,2AA1F4CA460,0,16,16
1274946,76724,8091785D0,2AA206B28A0,0,16,16
1294696,59195,801CE1E10,2AA1CBD64C0,0,16,16
1357458,59302,8042C4390,2AA1EE96B20,0,16,16
1367020,63322,80A9865E0,2AA1EC8BFD0,0,16,16
1551275,52667,80B14E2D0,2AA1E793D70,0,16,16
1628698,120692,8011A9370,2AA1EC70290,0,16,16
1728237,6865,8150D6CB0,2AA1EB47A30,0,16,16
1797148,94194,8038B11C0,2AA1CE6A320,0,16,16
2029047,52284,81B6E9C50,2AA2026B8F0,0,16,16
235980,108711,8119CED70,2AA205CC520,15,0,15
399542,31433,80C4D2050,2AA1E27B4F0,15,0,15
425779,34045,8103D8E10,2AA1E4DE990,15,0,15
427047,49341,809563DC0,2AA20759C00,15,0,15
512559,17455,81BE756A0,2AA1E5ADED0,15,0,15
567774,27717,8140A47E0,2AA1CAC3F40,15,0,15
801775,55624,805142A80,2AA20136D30,15,0,15
914276,3170,81A538740,2AA1F69C550,15,0,15
1125766,98396,812A7BF80,2AA207402C0,15,0,15
1143203,77871,823BD2630,2AA208505F0,15,0,15
1239836,19021,8166904A0,2AA2061ECC0,15,0,15
1279892,119455,80045E4C0,2AA1E177E70,15,0,15
1310746,92695,815070D70,2AA1D0E40A0,15,0,15
1311139,57792,80AE12250,2AA1D14A820,15,0,15
1388708,6693,81F44BA40,2AA1F7FF0F0,15,0,15
1496984,68574,801F6EE90,2AA1EEC6E20,15,0,15
1544535,76998,824DA0950,2AA1FA082C0,15,0,15
1575962,2958,81641D680,2AA1F580D20,15,0,15
1595142,14256,816AA5270,2AA2057B8E0,15,0,15
1627136,108907,80406AA60,2AA1CF42C20,15,0,15
1792513,98491,81BF78F40,2AA1F77BAD0,15,0,15
1835573,7517,802E2B3A0,2AA1CE4AE00,15,0,15
2010739,114555,80CB61B70,2AA1F3023E0,15,0,15
2023654,121976,82096F920,2AA1ECBA910,15,0,15
2076904,70568,81C6EA130,2AA1D7917B0,15,0,15
513754,59302,806908740,2AA1E1CE7B0,14,1,15
573451,1509,800BA3570,2AA1E105220,14,1,15
121912,23444,8025A2420,2AA2052A830,13,2,15
342527,99490,8038E1F20,2AA1CDF0AA0,13,2,15
510723,4193,828150060,2AA1DA637B0,12,3,15
252769,57082,806F5E4B0,2AA1E616950,11,4,15
1617964,55804,8111EDF70,2AA1EFCBA00,11,4,15
13136,116103,81319F060,2AA1E34B730,9,6,15
615115,19703,81655BDA0,2AA1F586BC0,9,6,15
634408,34512,81A536E10,2AA1F6C7F70,9,6,15
1723181,73709,8000EA190,2AA20310C90,9,6,15
1408525,101323,8019EE850,2AA202AF9D0,8,7,15
1571049,17171,8238ACEC0,2AA1F8D8EA0,8,7,15
1813827,99762,83363BCB0,2AA1FE72550,8,7,15
1906996,26217,81E08F680,2AA1EC40AB0,8,7,15
632095,98670,8238ACCD0,2AA1F941B40,7,8,15
1655489,22747,823D27450,2AA1D92F810,7,8,15
457175,122121,81585ADF0,2AA2055B3D0,6,9,15
544812,35889,80BD5CAC0,2AA1EE04370,6,9,15
872211,32677,80B723350,2AA20676FA0,5,10,15
970356,17171,822577230,2AA1F9C9380,5,10,15
1728769,58454,814C528C0,2AA1F46E0E0,5,10,15
944928,119099,81A4AFE20,2AA1F6D7070,3,12,15
557517,84395,8027B45E0,2AA1CB04900,2,13,15
1869165,30773,8016A05B0,2AA204E4D10,1,14,15
46694,59701,818BFA7B0,2AA207D0F80,0,15,15
47389,106311,80511D8D0,2AA20797640,0,15,15
360183,6742,8172B2A00,2AA1CE91FC0,0,15,15
391661,93539,80C83DAB0,2AA1F067120,0,15,15
491850,31720,80D21C600,2AA20783020,0,15,15
504196,114453,801027F00,2AA1ED81B70,0,15,15
577518,107367,8217A2780,2AA1F081420,0,15,15
707222,62331,80A864D30,2AA1E2A7050,0,15,15
727944,32565,8037A2B60,2AA1CCAEC60,0,15,15
788606,58612,80F30B790,2AA1F1BB9E0,0,15,15
805257,110120,81051B360,2AA20802720,0,15,15
835142,7470,809D0FBE0,2AA1E19B5D0,0,15,15
885011,119507,80905B260,2AA1E5E6DB0,0,15,15
927019,4177,8010B60D0,2AA1EB7E690,0,15,15
979534,92332,8000BA820,2AA1F8A79B0,0,15,15
1012887,37762,808EE4670,2AA1E3583D0,0,15,15
1229908,15316,811AF2E60,2AA1EACC030,0,15,15
1244542,18580,804FB8830,2AA1CF1FC60,0,15,15
1308081,16121,800375C60,2AA1E11BAD0,0,15,15
1350606,12760,8121B4F60,2AA1EF07690,0,15,15
1383404,13412,81DCB8A90,2AA1D39FAF0,0,15,15
1405485,34407,80DB87060,2AA1F1BC520,0,15,15
1708171,119396,8118FB5A0,2AA1F3971B0,0,15,15
1752590,64746,80407E6E0,2AA1EA29330,0,15,15
1788534,90833,8121921D0,2AA1D151860,0,15,15
1824176,16121,80014A300,2AA1E11A1B0,0,15,15
1850419,53803,81FC506A0,2AA1D17B1C0,0,15,15
1889027,40431,81AEF4B90,2AA1D3CF210,0,15,15
2003711,100544,81DDAD920,2AA1EC02770,0,15,15
14374,92769,8240544A0,2AA1D214E40,14,0,14
41906,78590,800382350,2AA1CA73DE0,14,0,14
111576,115190,80CFA6C10,2AA205BCFC0,14,0,14
238734,6212,82DC46110,2AA1D37F8B0,14,0,14
368504,60003,81EBF2320,2AA206E9930,14,0,14
494551,84168,802732010,2AA20527FF0,14,0,14
580027,101323,80351B5F0,2AA206653A0,14,0,14
603883,58626,813AF0120,2AA1E6789F0,14,0,14
677545,113446,80078F2F0,2AA1E127B50,14,0,14
1078931,34401,802574730,2AA1CC809C0,14,0,14
1089328,17171,82260E6F0,2AA1FA25DC0,14,0,14
1215844,33420,812FA2510,2AA1E5B9330,14,0,14
1403275,78506,8115ED3A0,2AA1F1C02C0,14,0,14
1522977,90391,80FF49630,2AA1D196860,14,0,14
1540032,92903,807AE75D0,2AA1CB2D6A0,14,0,14
1601399,24617,800AF5020,2AA1CB0D4A0,14,0,14
1646909,14843,8156C3B70,2AA1EECB8E0,14,0,14
1687270,23444,800642B30,2AA2022DBD0,14,0,14
1804072,81792,803D9ACF0,2AA20499270,14,0,14
1929351,76000,80447D630,2AA1E1AC410,14,0,14
1935694,27331,8057A22F0,2AA205D45C0,14,0,14
1967961,117339,815020560,2AA1E786370,14,0,14
1997255,85149,80BFB05E0,2AA1E841750,14,0,14
2006287,102664,80268DF20,2AA1E377790,14,0,14
47861,84079,8106336D0,2AA1E93A4B0,13,1,14
780140,88717,8164ADA90,2AA1F54EDE0,13,1,14
1562100,49341,803626310,2AA1CC6ECE0,12,2,14
1590745,78590,801561200,2AA1CA924F0,12,2,14
1277029,82949,822834BE0,2AA1F8FEDA0,11,3,14
1833644,90833,81E68FDC0,2AA1D152C40,10,4,14
732405,69414,824F0D8D0,2AA1F9338C0,9,5,14
1305718,92385,825161520,2AA1FA08140,8,6,14
923607,12450,827FB8770,2AA1FCCA660,7,7,14
1711287,54664,822268310,2AA1F89DE40,7,7,14
1803082,40839,806D2CD70,2AA1E7936B0,7,7,14
1053170,33616,824B54DF0,2AA1DC04FB0,6,8,14
399854,71821,802291F30,2AA20679580,5,9,14
1812909,44238,80F93F2C0,2AA1F4F27A0,5,9,14
1886550,76998,824F0D920,2AA1F9CAA60,5,9,14
161263,79056,807309B30,2AA1CA881A0,4,10,14
469830,118502,817536370,2AA1E7658D0,4,10,14
1504276,48271,820514B30,2AA1ECF89D0,4,10,14
1940877,85402,800076FF0,2AA1CA9B8B0,2,12,14
531834,106947,80A779580,2AA1E58F270,1,13,14
1681662,121086,8230C4420,2AA1F8DF3A0,1,13,14
46613,34838,80065EB10,2AA2051B410,0,14,14
224075,381,814B0CA50,2AA1F3CC4D0,0,14,14
267781,40952,803AF8760,2AA200DCB50,0,14,14
339700,41317,80F25A660,2AA1F1C89C0,0,14,14
431966,81792,80476E2A0,2AA206D7C10,0,14,14
489068,86604,80176D5D0,2AA20651BA0,0,14,14
526112,49676,80B376100,2AA1E107CE0,0,14,14
623696,23956,8263C0F90,2AA1DCFDF90,0,14,14
645758,52667,80AFB6A10,2AA1E793D10,0,14,14
872574,31532,8009937A0,2AA1EB5E6D0,0,14,14
892350,27642,815133740,2AA20437090,0,14,14
1182716,4652,80450E130,2AA1D09B580,0,14,14
1259490,77966,811CED810,2AA20577500,0,14,14
1289279,57636,8189E1020,2AA1D74BB50,0,14,14
1346187,64402,809432190,2AA2030E550,0,14,14
1421164,99164,8041F85D0,2AA1E1F9AB0,0,14,14
1540865,101323,8019E6A30,2AA20713AC0,0,14,14
1635331,73660,81E161860,2AA1EBFC1D0,0,14,14
1720927,27958,819E09E60,2AA1D3F8EB0,0,14,14
1791935,13493,819415FB0,2AA1F65D7B0,0,14,14
2015446,16121,80015E780,2AA1E42D870,0,14,14
2087539,119455,80156FC40,2AA1E91BA10,0,14,14
52936,118652,8131B23D0,2AA1EACD250,13,0,13
187636,87649,80008B410,2AA1EF19D70,13,0,13
195090,93463,8138033C0,2AA1F4B0BE0,13,0,13
226762,40492,8279A62F0,2AA1CC4D720,13,0,13
370026,87628,81374AEA0,2AA1F42D690,13,0,13
373473,40423,802453F70,2AA1E2EC6D0,13,0,13
409300,61047,805C03450,2AA1D1A4B40,13,0,13
479603,60003,807779C00,2AA1CE7A3E0,13,0,13
502914,19309,81155C1C0,2AA20811A80,13,0,13
586477,12145,80A700150,2AA1E1BEC90,13,0,13
633242,858,8040AEDF0,2AA1CCFF180,13,0,13
644678,1509,8012A7F80,2AA1E558B90,13,0,13
1010226,103813,8156C23D0,2AA1E58F150,13,0,13
1300933,74075,80124FD90,2AA1E0FA3A0,13,0,13
1345198,110351,821879E20,2AA1E71EA10,13,0,13
1541596,37218,8181219F0,2AA1E2AB030,13,0,13
1603552,81897,802970340,2AA20660520,13,0,13
1694530,116697,8045CD9F0,2AA20593900,13,0,13
1727057,78645,804B63E00,2AA1D088860,13,0,13
1790961,5302,81FB6CDC0,2AA204F7930,13,0,13
1846788,37374,82258C220,2AA1F8C0680,13,0,13
1895979,46133,8000F48D0,2AA205F2770,13,0,13
1192280,18992,800149780,2AA1E0E9F40,10,3,13
359482,80710,807309BD0,2AA20528710,9,4,13
1380965,85764,802199A20,2AA1E15DB30,9,4,13
1605395,89654,80F965C90,2AA1D33FD50,9,4,13
1195548,85402,8002494C0,2AA1CA9C060,8,5,13
43086,79482,8237E3700,2AA1FA521D0,7,6,13
1215624,40173,80F5D8E50,2AA1D567FD0,7,6,13
1216222,53315,814F0B370,2AA1F461B20,7,6,13
1722713,31366,823D274A0,2AA207FDF60,7,6,13
2003336,97994,81152B1C0,2AA1D53BBF0,7,6,13
461103,37374,8227615D0,2AA1F8C2720,6,7,13
1617068,54664,821F63F80,2AA1F8A7F80,6,7,13
1762788,53284,824B51140,2AA1F99A400,6,7,13
407075,20308,8051E1D30,2AA1E59BD50,5,8,13
955339,46782,801C9A250,2AA1CB8D560,5,8,13
1292643,10135,8225DAE10,2AA1D442370,5,8,13
1444580,55759,8000DE230,2AA20049570,5,8,13
1079554,69737,800F9AF50,2AA20509E70,3,10,13
1808551,11117,824C49E60,2AA1F9FA460,3,10,13
279324,36747,80700D150,2AA2082E300,2,11,13
1202438,121225,80E368580,2AA1E8D1570,2,11,13
1352250,91213,808F60D70,2AA1CAEC980,1,12,13
2047959,8208,825FF3560,2AA1EEE1C00,1,12,13
28494,81566,801A4A820,2AA1E1496F0,0,13,13
208606,100601,8042D66A0,2AA1E35D070,0,13,13
295625,2547,804E50C10,2AA1E2B3E70,0,13,13
330155,87260,81E4C01D0,2AA1EC586F0,0,13,13
432427,30584,806CCBA90,2AA20699840,0,13,13
578838,85402,8003A37C0,2AA1CA9CB40,0,13,13
602542,78645,8063AEF40,2AA1D088FE0,0,13,13
739002,87649,80CB2D8E0,2AA1EF20AF0,0,13,13
739549,119455,800C3D770,2AA1E4B4370,0,13,13
785407,4652,8098F68D0,2AA1D09CBA0,0,13,13
819749,31532,8012943C0,2AA1E1C3AB0,0,13,13
871331,81566,80027E270,2AA1E19D7F0,0,13,13
1074484,69726,806C5DBE0,2AA1E47DBD0,0,13,13
1134674,24701,80C600050,2AA1D44D590,0,13,13
1137371,76782,809257180,2AA1D18F940,0,13,13
1204405,87649,817FC9100,2AA1F58DA20,0,13,13
1241561,38715,80BC80550,2AA1E660650,0,13,13
1342199,28669,8041F18B0,2AA1CFF9260,0,13,13
1355307,41489,814A48170,2AA1CB47D20,0,13,13
1584985,90157,80C12BCD0,2AA1EE77AE0,0,13,13
1622302,32565,801C6D510,2AA1CCAC920,0,13,13
1729355,40794,808441350,2AA1E52D1D0,0,13,13
1843431,79403,814451E50,2AA1F387060,0,13,13
1906343,109886,815455B60,2AA1F4B0F40,0,13,13
1977170,114365,8125CB290,2AA1E823E10,0,13,13
1991839,26019,81CEE5A80,2AA1F7DFAB0,0,13,13
2060681,75782,80A1FC330,2AA1D381430,0,13,13
1484,52191,8116897F0,2AA1F000C60,12,0,12
60835,109032,812346E80,2AA1D3B24D0,12,0,12
122450,2070,81336F8A0,2AA2082D1A0,12,0,12
158452,68117,80B84B4E0,2AA1ED8D5B0,12,0,12
191313,118965,81A366BB0,2AA1CC2F900,12,0,12
218979,32408,81B7281D0,2AA1F76E3F0,12,0,12
424098,42348,81AC48E60,2AA1D2B8360,12,0,12
453227,43613,815851890,2AA1F4ED9A0,12,0,12
456572,51626,8048683C0,2AA20592A40,12,0,12
548065,35641,8188E4600,2AA1F680A90,12,0,12
704014,37601,80EE33B10,2AA207A65E0,12,0,12
769784,52431,817F00B00,2AA1D6F4890,12,0,12
917480,97952,819B8F280,2AA1EB708F0,12,0,12
1011665,108539,81390CFC0,2AA1ECD8C90,12,0,12
1035446,51914,80E8B1F90,2AA1F2340E0,12,0,12
1101936,61898,81AD82980,2AA20726140,12,0,12
1209504,85764,800707270,2AA1E988410,12,0,12
1312948,49146,807F25FA0,2AA206B7D30,12,0,12
1484958,12145,800BF8E50,2AA1E1B9C50,12,0,12
1619131,37798,81A76B910,2AA1F6BA1F0,12,0,12
1761067,55640,80C104C20,2AA1F071C60,12,0,12
1779850,24316,80397B8D0,2AA2049FCD0,12,0,12
1788121,75224,823EA4DF0,2AA1F9557E0,12,0,12
1836022,74047,81280C820,2AA1F477740,12,0,12
1850708,16121,8054549E0,2AA1E120D50,12,0,12
1854613,58612,80E8CA9B0,2AA1EFBEB40,12,0,12
1940379,19021,807D2ABF0,2AA1D286260,12,0,12
1949664,14038,81A348980,2AA202CF890,12,0,12
2018461,87015,8028053F0,2AA1CCBFD40,12,0,12
845666,78590,800233720,2AA1CA8E2F0,11,1,12
1957205,93313,823D65C50,2AA1D9F4310,11,1,12
975424,5256,84221E4C0,2AA20569870,10,2,12
1278487,108643,80C0391E0,2AA20734520,10,2,12
319764,112323,81B317C30,2AA2004E910,8,4,12
1507124,78506,812067590,2AA1F2A13A0,8,4,12
1740759,87015,808E943A0,2AA1CCC29E0,8,4,12
181463,76907,833638190,2AA1FE6AA30,7,5,12
303762,98162,806CE3600,2AA1E2A5370,7,5,12
668605,6439,80DB29100,2AA1F138020,7,5,12
860749,52667,808A25870,2AA1E793290,7,5,12
1926237,107339,81C5F2420,2AA2030C610,7,5,12
49896,19231,80FCB7E60,2AA2067D5E0,6,6,12
814765,86367,816C607D0,2AA1D686130,6,6,12
1059680,121086,8237E3A70,2AA1F909560,6,6,12
1562849,112176,824D60D50,2AA1F892290,6,6,12
1165971,87051,823DCB250,2AA1DB04CB0,5,7,12
1234847,12450,82E2CB5B0,2AA1FCB20C0,5,7,12
1774693,99762,833638230,2AA1FCCA660,5,7,12
1442793,47873,81F1BB0F0,2AA1EEB93C0,3,9,12
1750939,73709,800068E40,2AA1CA62710,1,11,12
14773,31633,812911F10,2AA1F425370,0,12,12
76231,83676,8065CA2A0,2AA1E5F9070,0,12,12
96394,108539,805E37030,2AA1E435390,0,12,12
100216,47261,80CCA6D80,2AA1F08E200,0,12,12
361357,111626,812248D20,2AA202C35D0,0,12,12
510893,106311,807C80310,2AA206AD700,0,12,12
659548,48374,82AFF4540,2AA1FBDF530,0,12,12
676019,22186,81B6B3C10,2AA203B8390,0,12,12
718643,6372,812578D40,2AA1EC0CC30,0,12,12
734713,37798,818925D20,2AA1F6B96B0,0,12,12
789675,76283,81B8A0C20,2AA1F2F0520,0,12,12
885056,94559,809CB5FE0,2AA1E88B730,0,12,12
1071341,97453,819AFC6C0,2AA1D864050,0,12,12
1275948,20019,815F591D0,2AA1D3EE7F0,0,12,12
1561740,39982,8159ECFB0,2AA1CEE25E0,0,12,12
1786206,57548,8009C7900,2AA1E30D030,0,12,12
1821348,13845,80026FA50,2AA1E0DF240,0,12,12
1880640,55553,816B3A050,2AA20606C20,0,12,12
2065397,88837,812D40F70,2AA1D6EC4B0,0,12,12
79939,57663,816E3A050,2AA2059D060,11,0,11
175675,63481,81CD76BE0,2AA1F70E430,11,0,11
189787,55703,818388230,2AA1D517E90,11,0,11
283788,48841,8000914A0,2AA1F37E9A0,11,0,11
490748,114704,81AD8A070,2AA1EDB0330,11,0,11
584886,64947,80D349440,2AA1EF426A0,11,0,11
589486,61976,80432E2E0,2AA2044CFD0,11,0,11
816726,93539,811897A40,2AA1F06A900,11,0,11
841596,28879,817515620,2AA1F03BEE0,11,0,11
890359,63303,819102440,2AA20765E80,11,0,11
893818,79056,8003B6940,2AA1EE4A6B0,11,0,11
920870,10909,8153AA1B0,2AA1D3E54B0,11,0,11
968805,98172,815FBB3B0,2AA1EA94CF0,11,0,11
1038087,85402,8004BFA80,2AA1CA64B10,11,0,11
1039787,28572,802EE12A0,2AA206B2D10,11,0,11
1236944,86341,803ADBB40,2AA1E46A550,11,0,11
1302832,17427,816376E50,2AA1D847C70,11,0,11
1317322,78590,8021D0600,2AA1CA779E0,11,0,11
1579203,101844,820FCD430,2AA200868F0,11,0,11
1592649,41099,805A60E00,2AA1D1F75E0,11,0,11
1627043,16707,80C43C5D0,2AA201054B0,11,0,11
1847274,74225,822710620,2AA1F8DD4E0,11,0,11
1895289,98720,808BA5020,2AA1E950770,11,0,11
1960194,52696,803AE7F50,2AA1EA40110,11,0,11
1982315,30773,80172B4A0,2AA1CC16000,11,0,11
2045907,32677,804E6B2D0,2AA1CF7B420,11,0,11
2058833,94751,813A2D270,2AA1ED7BBF0,11,0,11
86113,102457,824F0F100,2AA1F8BF120,7,4,11
1745753,99974,813BB5910,2AA1E611350,7,4,11
100886,58977,812713CB0,2AA1EC0D3D0,5,6,11
604085,121508,81C38ADE0,2AA1F87B0A0,3,8,11
945984,78590,8005BAA20,2AA1CA73D20,3,8,11
1116684,82949,822DBE810,2AA1F8FFDC0,3,8,11
1128558,101594,8228C79B0,2AA1F8CCFA0,3,8,11
253523,92619,80B114B70,2AA1E8191F0,2,9,11
433648,45016,801493A40,2AA1CC00D80,2,9,11
729037,64580,803FB2070,2AA1CE71900,2,9,11
899329,8290,81363F620,2AA1CF37FC0,2,9,11
1325002,79056,8003516D0,2AA207E1CA0,1,10,11
19956,14843,81C4A67C0,2AA1E7C5D10,0,11,11
52551,63479,81CB6C670,2AA1D025F00,0,11,11
170196,109257,8084BFB60,2AA202E0710,0,11,11
199026,99576,80A9E8910,2AA1F1D8960,0,11,11
351903,69463,800B7D960,2AA1EE06E70,0,11,11
376768,74075,800A97030,2AA1E2371B0,0,11,11
568527,63479,8095CD820,2AA1D0239E0,0,11,11
575496,25604,82153BDF0,2AA1F7BC8D0,0,11,11
646797,67702,81CB22790,2AA1E208130,0,11,11
765873,40492,8092852C0,2AA207FE800,0,11,11
818459,26817,800C39AF0,2AA1E151CF0,0,11,11
983597,77476,807D54A20,2AA1CED0A80,0,11,11
993175,118142,813C49510,2AA207EA620,0,11,11
1039998,111076,802968050,2AA1E3CC230,0,11,11
1144006,13025,8076C0170,2AA204DB330,0,11,11
1207277,107664,814A83740,2AA207C88E0,0,11,11
1283580,27905,80FFD6170,2AA1CFCB280,0,11,11
1370168,115637,810CEC300,2AA1F05DAE0,0,11,11
1427529,34372,80D3ED980,2AA1F09E520,0,11,11
1464266,116592,80B74F670,2AA1D4B1590,0,11,11
1535138,19231,80ABEAE80,2AA2053D3D0,0,11,11
1594043,74075,816BE1AE0,2AA1E0FEF60,0,11,11
1649069,91213,8003D7100,2AA2018CD60,0,11,11
1728136,70763,820BB1F20,2AA1EEF53C0,0,11,11
1839897,97716,817470FC0,2AA1F54B580,0,11,11
1933407,5236,8181CF230,2AA1F529DF0,0,11,11
178471,76000,800501D20,2AA1E13BE70,10,0,10
307033,35302,8035C89B0,2AA20794F20,10,0,10
383411,84395,800B81F40,2AA205AA4A0,10,0,10
401640,26817,800893160,2AA1E151210,10,0,10
447521,46782,80493BDF0,2AA1CB8FF00,10,0,10
592044,59369,8298946E0,2AA1FC3B190,10,0,10
593440,114588,828D6A750,2AA2054CD50,10,0,10
613204,13845,8002A5950,2AA207081F0,10,0,10
652623,37433,81C060320,2AA203CE790,10,0,10
758197,2996,8094941C0,2AA1CDBB7A0,10,0,10
760187,31532,801208930,2AA1E1C3810,10,0,10
785543,65706,802FC34F0,2AA1CDE1040,10,0,10
868446,52696,82F3AAE20,2AA1EBD58D0,10,0,10
878509,113446,800293880,2AA1E2F6350,10,0,10
997654,36903,80BB2C900,2AA1E430810,10,0,10
1101609,63852,801631CA0,2AA1CBF6920,10,0,10
1200784,122269,811D68FF0,2AA2066B1A0,10,0,10
1249540,104698,8042F0880,2AA202A10B0,10,0,10
1259183,60003,815129840,2AA1CE7BE80,10,0,10
1262194,85213,807C6D0B0,2AA1E20C510,10,0,10
1271796,84395,8012DB830,2AA1CB021A0,10,0,10
1364934,84395,801445D50,2AA1CB024A0,10,0,10
1765002,91213,80105E300,2AA202D22D0,10,0,10
1868201,23444,8001D74C0,2AA2078B4C0,10,0,10
2025403,17581,8057C3CC0,2AA1E314E50,10,0,10
2070392,2547,80103C0C0,2AA1E2B1CB0,10,0,10
134923,18992,8001082E0,2AA1ED26C70,9,1,10
271493,37217,802015E90,2AA1E294EF0,9,1,10
520467,3170,84221F9F0,2AA2032ED00,8,2,10
652627,97716,8241A8320,2AA1F88CC30,7,3,10
1077056,15634,801DF21E0,2AA1E171610,7,3,10
1811339,33748,80E7AB5B0,2AA1F148900,7,3,10
1867870,4075,824EFBB60,2AA1F94C1A0,6,4,10
838675,112176,824F0C7C0,2AA1F9E8020,5,5,10
1270630,61047,808757B00,2AA1D1A54A0,5,5,10
1755115,98854,824F0C5D0,2AA1F912340,5,5,10
808362,102195,80CABE6F0,2AA1F294A80,4,6,10
1180297,15126,824D60AE0,2AA1F951FE0,4,6,10
1362472,41253,81B6EBF70,2AA207DC260,4,6,10
1482602,69414,824EFBB10,2AA1F933860,4,6,10
1516866,113446,8002FAAA0,2AA1E126C50,4,6,10
515640,37379,811D8A0B0,2AA20821860,3,7,10
797989,116103,8014AF2E0,2AA1E6D0CF0,1,9,10
1972687,74454,8036C8400,2AA202CEFF0,1,9,10
9542,90833,81E7FF260,2AA202FEC50,0,10,10
19423,32565,804B0F140,2AA206B06E0,0,10,10
44287,103898,800D1F7B0,2AA1CB65360,0,10,10
100760,87597,8036A5D90,2AA205ADBC0,0,10,10
130505,60827,803108320,2AA205BC160,0,10,10
292521,111326,801C2DD20,2AA1CB5AFC0,0,10,10
392879,112941,8092B3150,2AA1E6210D0,0,10,10
427803,71891,81138B780,2AA1D744250,0,10,10
813425,34838,800F6D890,2AA20295470,0,10,10
965910,21225,8107BDC40,2AA1E7E5370,0,10,10
985811,93539,80D499DD0,2AA1F341630,0,10,10
990432,67622,808E20D50,2AA1E17B290,0,10,10
1124570,3236,80DBAD3D0,2AA1EFD0A60,0,10,10
1258918,3100,8088E8280,2AA1CFC3D60,0,10,10
1414163,74916,800447AE0,2AA1CAD6EE0,0,10,10
1443557,80175,806B89CA0,2AA1EF54F80,0,10,10
1476273,59513,81FA48E50,2AA1F6E28B0,0,10,10
1508078,110120,8026F60F0,2AA206695E0,0,10,10
1531895,95553,81F335250,2AA2025CAF0,0,10,10
1576777,108426,81383B9D0,2AA1E203E50,0,10,10
1851894,18181,80629A000,2AA1E2AE450,0,10,10
1882072,71165,804C0D620,2AA1D04FBC0,0,10,10
1900570,106144,816385F60,2AA1F6260B0,0,10,10
1914360,74988,802567C40,2AA1EECBA00,0,10,10
1931049,64473,81B62D2E0,2AA1F6C2BB0,0,10,10
2005043,109141,803560CF0,2AA2071B800,0,10,10
2080945,84395,800569E30,2AA1CAFFF80,0,10,10
139777,102489,8090A4C90,2AA1D1157E0,9,0,9
152055,37861,82C8E2220,2AA1FB99850,9,0,9
163630,25097,80B2BF500,2AA1EEC7600,9,0,9
283413,22937,816BF9640,2AA1E9DD4B0,9,0,9
338733,122145,8054C19E0,2AA2048F670,9,0,9
363998,77476,803EFEA40,2AA207FA0A0,9,0,9
382423,5473,803F94C40,2AA1CC94BC0,9,0,9
478249,37433,8001D5640,2AA20670D00,9,0,9
672903,66143,813A25020,2AA20757DA0,9,0,9
697160,12712,805809740,2AA20341A40,9,0,9
957448,74916,800BABB50,2AA1CAD8F20,9,0,9
1128156,116054,810B8CE50,2AA1E514950,9,0,9
1128174,62625,80C997CD0,2AA1E7FEB90,9,0,9
1170352,80626,812ED9BA0,2AA20627D60,9,0,9
1236268,92162,80A81E510,2AA206AAE60,9,0,9
1323291,20253,81280D9B0,2AA1F4F5AA0,9,0,9
1335801,9085,8080F2C50,2AA1EC6A450,9,0,9
1412206,43844,8206E8860,2AA1EA07730,9,0,9
1467503,52448,806C770B0,2AA1E1F2470,9,0,9
1558274,101594,82275D2C0,2AA1F8CC5E0,9,0,9
1619101,76001,80FA0FA10,2AA1F1D2E60,9,0,9
1639888,67144,81E3CD850,2AA1CC39580,9,0,9
1649883,78897,80CF99850,2AA207E6DC0,9,0,9
1673250,57820,80C516BB0,2AA1E41E750,9,0,9
1761103,63174,8116415B0,2AA20546030,9,0,9
1792511,121086,822FCEB40,2AA1F908120,9,0,9
1874067,76000,8093F9CF0,2AA1E7CAFB0,9,0,9
1896648,35889,80C509800,2AA1E549F50,9,0,9
1977038,55493,81B8A7D70,2AA1F237D20,9,0,9
201356,100231,80A1DF350,2AA1E4F3AD0,7,2,9
256280,42437,81C38AD90,2AA1F724F50,7,2,9
258831,37374,822672F90,2AA1F8C1940,6,3,9
300237,94068,8054E7E10,2AA1CC5C7C0,6,3,9
1021121,106679,802FEF290,2AA1E18F0D0,6,3,9
1144490,74038,8000C6670,2AA1FCA41A0,5,4,9
1956430,12450,82DD77190,2AA1FCB0140,4,5,9
25967,81280,80512AD10,2AA1CDDA120,3,6,9
282662,94752,824E4E910,2AA1F981540,3,6,9
382993,16523,812627F50,2AA1E187F70,3,6,9
708912,64537,823D2C350,2AA1DBE86D0,3,6,9
13377,27958,80DCE04A0,2AA205AF080,0,9,9
83706,54423,81BAB7D10,2AA1ED4EE50,0,9,9
204710,116464,807090A30,2AA1E477730,0,9,9
219044,1931,806900760,2AA1E7299F0,0,9,9
292554,32260,8028D7B30,2AA1E7E8330,0,9,9
324052,115409,80E4CB450,2AA2057CDA0,0,9,9
384463,26919,804345030,2AA1E31E070,0,9,9
392804,107726,805D6F040,2AA1E7B33D0,0,9,9
578867,87015,8036DDFD0,2AA20681D00,0,9,9
615229,52448,80798B440,2AA1E872C70,0,9,9
626164,102026,8160F5080,2AA1E6770D0,0,9,9
640792,60738,8114301C0,2AA1F26E120,0,9,9
809275,112176,82460E8D0,2AA1F9E7480,0,9,9
825998,79056,8001B2C60,2AA1E10EB50,0,9,9
827639,101323,80048A680,2AA207ECB60,0,9,9
958477,8877,8170C5DE0,2AA1F663B10,0,9,9
1073791,6372,806D950B0,2AA1E55BAF0,0,9,9
1172097,111618,808A70070,2AA2065A0C0,0,9,9
1446308,98277,8104ABA60,2AA1F1A5CA0,0,9,9
1541087,47216,8110A19F0,2AA1F07B040,0,9,9
1666665,28263,80F222940,2AA1D5C8FF0,0,9,9
1830055,77073,80142C6B0,2AA1CC1F560,0,9,9
1851844,97311,80E32B770,2AA1F0E6880,0,9,9
1968670,79504,802D37300,2AA1E316790,0,9,9
194485,47527,80E9D3230,2AA1F100960,8,0,8
215323,45703,8009EB530,2AA1E1E4B30,8,0,8
308210,98384,803CB9FE0,2AA1E2716F0,8,0,8
344077,57160,8110B8620,2AA1F18EFA0,8,0,8
667480,47873,8124CB870,2AA1EADDDD0,8,0,8
936424,1931,8107B46B0,2AA1E6B5330,8,0,8
1156197,75243,80E9F7C60,2AA2056DD40,8,0,8
1433447,98739,802AA74D0,2AA1ED6DB90,8,0,8
1436585,104402,80F5E4460,2AA206B5A90,8,0,8
1650777,101687,812EEA930,2AA1E68DB50,8,0,8
1749356,104305,8239B6EB0,2AA1DA134B0,8,0,8
1781484,15896,8190B2FE0,2AA206D6630,8,0,8
1787289,106311,8017F2FA0,2AA201FB7D0,8,0,8
2008083,59338,8022E64D0,2AA1CBCAE00,8,0,8
268707,76000,80021B550,2AA1E9C1D30,7,1,8
1975334,13845,800279130,2AA1E0DF300,7,1,8
507376,21808,82328DFA0,2AA1F954D00,6,2,8
1705337,103898,8139F54E0,2AA1CB6D640,6,2,8
1724454,46426,80DBD2F60,2AA1F0E7540,6,2,8
354648,18992,800295A00,2AA1E0EB440,5,3,8
1460735,46395,823C61990,2AA1D5960F0,5,3,8
428644,39606,8251612E0,2AA1F9A1460,4,4,8
923647,94000,8080E1C70,2AA1D0F9240,4,4,8
1212997,25173,824F0B5D0,2AA1F9A7680,4,4,8
1614780,79817,824F0B7C0,2AA1F9D55E0,4,4,8
1979032,72669,820DCB6D0,2AA1D646550,4,4,8
1347477,111326,8010EEB50,2AA1CB590A0,3,5,8
1521588,46517,823BFE850,2AA1D4FC1B0,3,5,8
1662661,92695,8062C56E0,2AA1D0E1B20,3,5,8
22727,82949,822EFB9F0,2AA1F9003C0,2,6,8
1696668,51626,80BE1BC80,2AA1D031100,2,6,8
695683,87649,8006AA550,2AA1F2B70E0,1,7,8
42823,87738,80D38FFB0,2AA205B6E20,0,8,8
60239,30584,8005D29F0,2AA1CAF29A0,0,8,8
159976,17783,80C42B0F0,2AA1E21C5D0,0,8,8
403283,92768,81184D7F0,2AA1D666A10,0,8,8
403401,85608,80F1B0090,2AA1F17CD80,0,8,8
427216,74468,8037AB270,2AA208437D0,0,8,8
503105,89304,81F7BA0F0,2AA1EA709B0,0,8,8
588705,21203,80B14EC10,2AA1E7AB3B0,0,8,8
610522,79056,8017252B0,2AA1CA84180,0,8,8
654852,81280,802D036B0,2AA1CDD8680,0,8,8
805681,104698,80230D4D0,2AA2051C4F0,0,8,8
1010536,113267,80DEDDBA0,2AA1ECA36F0,0,8,8
1028655,111626,80F5E1EF0,2AA1FAA2280,0,8,8
1206240,118304,804F31BC0,2AA1E3A6310,0,8,8
1250807,3236,808EA5630,2AA1EF059B0,0,8,8
1317688,16707,81AA0F260,2AA2013D6D0,0,8,8
1438737,59302,8026CF270,2AA1E1CC9B0,0,8,8
1456516,3100,81307C470,2AA207A2D20,0,8,8
1497074,100943,80EFDDE20,2AA205E0370,0,8,8
1521681,49810,805C22AF0,2AA1ED77030,0,8,8
1582577,32565,8029EEDE0,2AA207E1460,0,8,8
1604260,91819,8118BB6F0,2AA1F062060,0,8,8
1635393,111326,8006D81F0,2AA205E9460,0,8,8
1752010,45016,801E625C0,2AA1CC026A0,0,8,8
1928664,54779,80221AF90,2AA1EE10AB0,0,8,8
1991774,69024,81A6C0EF0,2AA1F2E7380,0,8,8
2028726,58001,80280E090,2AA1E68F530,0,8,8
2084141,120549,81C23A250,2AA1F76AF50,0,8,8
15660,119793,818BF61F0,2AA1D9C5C50,7,0,7
49309,31413,80E669150,2AA1FED08D0,7,0,7
182336,8404,81F6D7900,2AA20568590,7,0,7
271605,96244,80F601C30,2AA1D639050,7,0,7
299811,6912,8057DE230,2AA1CF66B40,7,0,7
306066,108543,80CCDDDC0,2AA1EE7C8C0,7,0,7
397591,88717,816F9A3E0,2AA1F553280,7,0,7
459357,79056,80AD9C710,2AA1CA88FE0,7,0,7
626110,87649,80B226AF0,2AA1EF202B0,7,0,7
844005,17691,8209F4F90,2AA205A1200,7,0,7
933277,19477,80096FF80,2AA1CB33B40,7,0,7
950552,89761,80950A090,2AA1D121B20,7,0,7
1233323,90333,815444630,2AA1F4FF220,7,0,7
1430812,21027,81F05C730,2AA1F7E7910,7,0,7
1464565,58210,800894F40,2AA1E165830,7,0,7
1466384,12582,812EF6610,2AA1D2E4CD0,7,0,7
1503187,93841,806FE1110,2AA1D1D7180,7,0,7
1606869,91844,808E13D00,2AA1E1BBE70,7,0,7
1609470,84248,82CFFE800,2AA1FAA6510,7,0,7
1771171,38715,8183A0D30,2AA1E415850,7,0,7
1782524,30584,802EBC670,2AA207DAC40,7,0,7
1911215,82394,8013BEAA0,2AA1E6334B0,7,0,7
91049,55011,8146D0160,2AA1D580B70,6,1,7
745709,20669,814A96410,2AA1EF02E30,6,1,7
1876099,31335,81A6145F0,2AA1D897390,6,1,7
1199974,78590,824DC9310,2AA1CA7D6E0,5,2,7
24071,24617,801D96540,2AA2055B730,4,3,7
67413,46607,80E28C7F0,2AA1D07DEA0,4,3,7
132863,59338,800B957D0,2AA1CBC8280,4,3,7
945688,97716,822EB9CE0,2AA1F88A710,4,3,7
1175312,118965,801DA5690,2AA1CC2A2C0,4,3,7
1900766,103282,80C004F80,2AA1E4C2930,4,3,7
1064280,101303,80ABEC370,2AA1E969130,3,4,7
1565057,34505,801CF2E60,2AA1CC50140,3,4,7
2042907,5473,801B7E8D0,2AA1CC91F80,3,4,7
21298,62625,80CB53B10,2AA1E6C99B0,2,5,7
1694623,7470,822D5B780,2AA1E19D550,2,5,7
1754340,87649,80726B590,2AA1EF4A3A0,2,5,7
813489,37433,800279EA0,2AA20775840,1,6,7
2007666,78590,80017BB70,2AA204AA9B0,1,6,7
6991,34838,801CDC3E0,2AA1CB73F60,0,7,7
21686,110702,81C19B6F0,2AA1EE1B6F0,0,7,7
90840,118965,801BE8E30,2AA1CC29CC0,0,7,7
101016,2547,8075C4DD0,2AA1EB8AC90,0,7,7
109915,74509,8046190E0,2AA1CFEBCC0,0,7,7
110643,92319,812B46820,2AA1D6F0310,0,7,7
114786,61676,8105B3520,2AA1E5C58B0,0,7,7
165186,43222,81C453480,2AA1D942070,0,7,7
284667,48841,812F11570,2AA1F521550,0,7,7
409900,86604,800D69BE0,2AA1CBDF720,0,7,7
526527,21784,8142D9960,2AA1CF4DB60,0,7,7
559941,66332,805B43C40,2AA1CC402C0,0,7,7
569710,95900,80F772550,2AA1EFF8A80,0,7,7
658832,38256,81C6B7C90,2AA1F7D1B50,0,7,7
692282,57548,8006807F0,2AA1E1335D0,0,7,7
834294,59195,80C19DA10,2AA205B8160,0,7,7
884304,26194,81959B930,2AA20036F00,0,7,7
901172,74038,827FB7770,2AA1FD05600,0,7,7
927294,76782,8078AA010,2AA1D18F2E0,0,7,7
937446,106578,81AB2C730,2AA1E419B70,0,7,7
1070507,97388,817CA9E80,2AA1E3F74B0,0,7,7
1073792,100231,81C192B30,2AA1E4F4D90,0,7,7
1152389,106311,802E59CA0,2AA2083F870,0,7,7
1187216,58454,8136F3BA0,2AA1F46C940,0,7,7
1198471,33162,8103BF220,2AA1ECEA8D0,0,7,7
1214654,81897,802E580E0,2AA1CCDA620,0,7,7
1274524,115268,80AD52C70,2AA20827500,0,7,7
1283048,40054,81144B8F0,2AA1F0230E0,0,7,7
1293659,78590,80034FF10,2AA205D1600,0,7,7
1338720,20669,80FB69FB0,2AA1F0C75A0,0,7,7
1427017,95234,812A23100,2AA1E85E5F0,0,7,7
1439273,64473,81D383700,2AA20A9C500,0,7,7
1776452,55838,81358F8F0,2AA1F3F6250,0,7,7
1799173,73796,818EB4030,2AA20583200,0,7,7
1898731,48383,812F42880,2AA1F425970,0,7,7
1949875,18516,80082EFB0,2AA1E19F370,0,7,7
10641,54096,81484BEF0,2AA2084FC70,6,0,6
180187,100078,804003460,2AA204C15F0,6,0,6
225569,29992,8223D61D0,2AA2082A1E0,6,0,6
316956,6912,80455F2F0,2AA2043AB90,6,0,6
483651,59902,8028A2790,2AA1CE001A0,6,0,6
493282,70161,81BC4F6E0,2AA1F78F9D0,6,0,6
628178,72088,814C2D690,2AA201BA2C0,6,0,6
631441,26937,8008C7230,2AA1EBF7930,6,0,6
770871,89856,803F9A3A0,2AA204B12F0,6,0,6
805376,115190,802111780,2AA205C93C0,6,0,6
979026,39176,81C8AC030,2AA1EDB8570,6,0,6
1093424,120692,805B89ED0,2AA1EBF7930,6,0,6
1219722,59195,800D64450,2AA20595060,6,0,6
1439400,113446,80017E6A0,2AA1E473870,6,0,6
1454532,42348,80AD08300,2AA1D2B6680,6,0,6
1677752,58464,81D4823A0,2AA1E36DD90,6,0,6
1748092,80936,82076FF70,2AA1E9FB890,6,0,6
1807492,13845,80126EDE0,2AA1E8B1990,6,0,6
1913112,18992,8011F5280,2AA1E163A30,6,0,6
2056743,58001,80168C7F0,2AA1EE7ECA0,6,0,6
1327505,85213,8032F10B0,2AA1E20D830,5,1,6
1219186,58210,8004078D0,2AA1E42B8D0,4,2,6
42240,94978,81144DCA0,2AA1D46CB10,3,3,6
166255,76252,80E28C600,2AA20835600,3,3,6
327693,74510,824B55C60,2AA1D47BA50,3,3,6
339877,51626,8062E7190,2AA2068E340,3,3,6
1056626,4075,824C49FF0,2AA1FA63730,3,3,6
1120049,116697,81506ED60,2AA1CDD4E80,3,3,6
1450354,93965,807FF02D0,2AA1D0084E0,3,3,6
1695941,114365,824B55ED0,2AA1E6BECD0,3,3,6
1890983,85402,800073EF0,2AA1CA62890,3,3,6
2077582,19067,8080E1E60,2AA1CFE59A0,3,3,6
355103,41907,801D964F0,2AA1CCE25C0,2,4,6
968079,8359,827FB8260,2AA1FCB7270,2,4,6
1797998,13845,8002EE490,2AA1E0DF780,2,4,6
1932735,37364,80A284880,2AA1E8F1090,2,4,6
1893968,89089,812FFD1E0,2AA2073F420,1,5,6
1936906,115930,824DFD4B0,2AA1F9FB720,1,5,6
83164,100601,80B3DF980,2AA1E35F470,0,6,6
208851,67622,808E10BE0,2AA1E3E7790,0,6,6
258603,82630,80BE122D0,2AA1CFDF6E0,0,6,6
285125,45150,8039270E0,2AA203569B0,0,6,6
305780,66810,812A8E870,2AA1D1B2740,0,6,6
348035,40794,81C8BE680,2AA1E52F5D0,0,6,6
363590,8233,813F33750,2AA206D3030,0,6,6
383704,63439,823F7C700,2AA207C6C60,0,6,6
460197,78693,820D32B70,2AA1E9271F0,0,6,6
532053,45703,8011C6F40,2AA1E4A83D0,0,6,6
754700,22765,81BE3B950,2AA1EE46830,0,6,6
828778,27717,801C347A0,2AA205ED5C0,0,6,6
981113,110921,80EA84930,2AA1EFDC200,0,6,6
1224074,75423,80ED99F20,2AA1EDE9190,0,6,6
1232779,114453,8019728A0,2AA1E239B70,0,6,6
1300057,93841,820BF2840,2AA2008E7D0,0,6,6
1319987,39326,8193EDE00,2AA1F642BD0,0,6,6
1320108,52448,800FFE120,2AA1EE3FEB0,0,6,6
1326944,75735,81460DAB0,2AA1F425670,0,6,6
1430521,74075,800F57B70,2AA1E0F9C20,0,6,6
1468337,25459,809BBAA00,2AA1E334B10,0,6,6
1567782,2838,81E3BD990,2AA1DA2C910,0,6,6
1665241,37292,816AA06F0,2AA2083A4B0,0,6,6
1695358,37861,82BF0C8C0,2AA1FABE510,0,6,6
1963138,102489,814ED40C0,2AA20628540,0,6,6
1989548,102880,81C4D1A40,2AA1E921BD0,0,6,6
1996201,111326,801446450,2AA1CB59700,0,6,6
1997128,85949,810F591C0,2AA2026E130,0,6,6
73701,13290,806670920,2AA1D108D20,5,0,5
199033,40288,817E37090,2AA1EDF42B0,5,0,5
281163,118304,80C8690A0,2AA1E4CB4F0,5,0,5
289469,40719,818BEA610,2AA2068EA00,5,0,5
436359,41305,803BC3070,2AA1E34F230,5,0,5
469194,73796,8190C6950,2AA1D5386F0,5,0,5
546655,27737,80817AB10,2AA1E2C78B0,5,0,5
552493,58626,808CF4C60,2AA1E6771F0,5,0,5
599261,27823,806EEE780,2AA1FEDCDD0,5,0,5
600317,44238,815F74D10,2AA1F49CB00,5,0,5
673158,41907,80892AB60,2AA2016EF20,5,0,5
760907,7470,8063920E0,2AA1E19A670,5,0,5
1071838,81241,802E1C6C0,2AA205BB9E0,5,0,5
1083254,12452,81954C780,2AA20570940,5,0,5
1117020,96608,80A95FA60,2AA1E335410,5,0,5
1185235,74916,8004D9AB0,2AA1CAD7660,5,0,5
1241297,77776,818777080,2AA20609340,5,0,5
1314512,22428,8153F98B0,2AA20565A50,5,0,5
1385306,59902,811E6B370,2AA1CE04520,5,0,5
1388416,16364,81B8BB680,2AA1EFF8F00,5,0,5
1490839,109952,80659FE90,2AA1E67AE70,5,0,5
1501210,55838,80FEBF630,2AA1F47A220,5,0,5
1507989,10450,81680E760,2AA1F67A8B0,5,0,5
1542269,81566,800995C90,2AA1ED7ECB0,5,0,5
1569925,51156,80F932AB0,2AA20641FE0,5,0,5
1611391,25097,801257850,2AA1E268CD0,5,0,5
1752178,858,8066E3670,2AA1CD005C0,5,0,5
1862136,106144,8164835B0,2AA1F55A920,5,0,5
1870504,98144,80322AB70,2AA1ECC06D0,5,0,5
2008827,15126,823A53D90,2AA1F952940,5,0,5
2020705,74943,8200C57C0,2AA1EDA97F0,5,0,5
190053,85402,80048BB00,2AA205B7D40,4,1,5
795627,26743,81A4B0100,2AA1F729590,4,1,5
949065,3150,81363F410,2AA1D40E9D0,4,1,5
971996,57391,80EAFAE50,2AA1D59C670,4,1,5
1177139,72763,81C5B3BD0,2AA1F7A21F0,4,1,5
1703198,119917,8189B2D60,2AA207F05A0,4,1,5
1798179,113581,8000E8840,2AA20324EC0,4,1,5
169596,16121,8003AF840,2AA2075DAC0,3,2,5
176776,37217,804D8FA00,2AA1E378750,3,2,5
551706,59513,81C5B34A0,2AA1F774650,3,2,5
728848,92903,800B959C0,2AA1CB280C0,3,2,5
1129488,17758,8000C3DA0,2AA1FCCA030,3,2,5
1147352,119099,81A2D04C0,2AA1F6D69B0,3,2,5
1166540,40492,802B6C460,2AA1CC47C00,3,2,5
1641284,101975,81A4AFC30,2AA1F6E4430,3,2,5
1783943,32192,81310C240,2AA1CBAC920,3,2,5
1811613,85402,8039EF170,2AA1CAA3EC0,3,2,5
22797,79056,800081300,2AA1E10D950,2,3,5
267379,97356,824C49F00,2AA1F90F2E0,2,3,5
380587,16121,800132BF0,2AA1EA3C670,2,3,5
493137,73709,84221D840,2AA203110E0,2,3,5
1005945,16523,80088D3A0,2AA1E5930D0,2,3,5
1407103,56366,8139F5670,2AA207FD720,2,3,5
1467090,95064,824DFD550,2AA1FA0C120,2,3,5
1471640,79056,80015A6B0,2AA1EEC2100,2,3,5
1555174,3170,83F4DF2A0,2AA2032E760,2,3,5
1566936,51652,80448D3C0,2AA1E587D70,2,3,5
1816420,46799,8057F5FA0,2AA1CFA30E0,2,3,5
1879093,101406,8000F0FD0,2AA20177850,2,3,5
1925800,79056,8000764B0,2AA1CA62AD0,2,3,5
1209903,5256,8000EFB50,2AA20341F10,1,4,5
1353716,18516,80120B860,2AA1E1A1110,1,4,5
1578159,73709,83E9E3030,2AA20425430,1,4,5
1816790,87015,802391E80,2AA1CCBF860,1,4,5
2087514,13845,80007FF30,2AA1E0DDCB0,1,4,5
145389,40492,813723300,2AA2082B7A0,0,5,5
188318,55891,80DC37650,2AA1EFF20A0,0,5,5
228533,64746,80821B130,2AA1E304790,0,5,5
276421,107430,824DFD370,2AA1F92D660,0,5,5
339303,23496,8117C1D80,2AA1EF71840,0,5,5
376473,80175,8052C6A60,2AA1EF52CA0,0,5,5
505079,66435,8031F83E0,2AA1E8F3850,0,5,5
665604,108192,81256A920,2AA2078FEC0,0,5,5
744276,28044,817E84FA0,2AA1E51CC10,0,5,5
923120,61976,8043329F0,2AA1CF51600,0,5,5
945902,23088,81EEDB890,2AA1F800A90,0,5,5
962332,114823,8062B09C0,2AA1ECC16B0,0,5,5
1052192,4590,80AEC7C00,2AA1F02CD20,0,5,5
1215278,117639,806203980,2AA1E2D8E10,0,5,5
1358617,116103,8042CC8A0,2AA1E3483D0,0,5,5
1398379,85402,800355B40,2AA1CA639D0,0,5,5
1440351,3873,80D753880,2AA20799D40,0,5,5
1568017,2861,81134A5D0,2AA1EB20A90,0,5,5
1578468,97543,812D24780,2AA1F4D9A60,0,5,5
1592572,4590,80E866D70,2AA1F02FBA0,0,5,5
1605972,76724,80C3540A0,2AA1FF47090,0,5,5
1642859,21483,81D84E5C0,2AA1F7855F0,0,5,5
1683370,69737,801A3FF40,2AA1CB803A0,0,5,5
1777390,115260,80C2AC1E0,2AA1EA4E4B0,0,5,5
1848566,117113,807F008D0,2AA20688D20,0,5,5
1855472,80188,8062C6100,2AA1CEF5C00,0,5,5
1894378,110921,810F4C9C0,2AA1F19FAE0,0,5,5
2079869,78590,801CFF220,2AA203C6A70,0,5,5
88280,57396,809459820,2AA1EE8F0A0,4,0,4
118241,38008,80E37E620,2AA1EDB06F0,4,0,4
177803,18992,80028A900,2AA1E0EB380,4,0,4
183949,57548,800221490,2AA1E130810,4,0,4
210687,122145,80C7D9AB0,2AA2057C000,4,0,4
213887,40984,80DDC5960,2AA1EF61D20,4,0,4
217164,83110,811CBDE10,2AA20681080,4,0,4
315036,31720,811E91190,2AA1D3BFF10,4,0,4
329066,16523,80BFA4A40,2AA1EEEF140,4,0,4
421644,30584,80CFC8F20,2AA1FE6DF90,4,0,4
527365,109198,8022C7240,2AA208329E0,4,0,4
577579,91196,82245F010,2AA1D2F5A70,4,0,4
640691,8290,80922F0B0,2AA2013CF90,4,0,4
660061,16638,805D97EC0,2AA1E24B250,4,0,4
689105,75513,806F56960,2AA1E5A6E90,4,0,4
696488,111307,813794920,2AA1F3F0890,4,0,4
740446,85402,80032D5D0,2AA1FDBF810,4,0,4
774841,12450,81A4AF9E0,2AA1F6B28E0,4,0,4
995826,34411,8103860B0,2AA1E715910,4,0,4
1098777,20818,814D873F0,2AA1F378250,4,0,4
1154988,74916,801CD7D20,2AA1CADB260,4,0,4
1166897,87962,809E3ED40,2AA1E5A2C70,4,0,4
1623870,77429,806983930,2AA1EC18C50,4,0,4
1664464,86452,80C1BB8B0,2AA1E978F50,4,0,4
1700615,16610,8010F8FE0,2AA1EC54FF0,4,0,4
1824154,4745,8069C9A80,2AA1E1981B0,4,0,4
1969738,79068,811C62510,2AA1EA22930,4,0,4
1972727,9427,8102F4E00,2AA1D52F230,4,0,4
666536,18992,80A628B70,2AA1E0F2460,3,1,4
680942,27473,804EFA460,2AA1E4F6FD0,3,1,4
781717,1509,8002AF920,2AA1E102DC0,3,1,4
936360,84395,80052F1A0,2AA20761A80,3,1,4
1132740,74038,8000C53E0,2AA1FCA4140,3,1,4
1313065,13845,8004D0740,2AA1E688A30,3,1,4
1354069,18992,8002529C0,2AA1EE15FF0,3,1,4
1395670,78590,8003552A0,2AA1CA8E950,3,1,4
1439155,41332,81C3CD2E0,2AA1F6D35D0,3,1,4
2061287,13845,80007E550,2AA1E0DDC50,3,1,4
3297,27147,8043BB430,2AA1D01B8C0,2,2,4
77318,103898,801419040,2AA205A9760,2,2,4
80696,85402,800104F90,2AA1CA9B940,2,2,4
144219,91319,80B7BC3D0,2AA2066BE80,2,2,4
152291,1509,8002892E0,2AA1E4734B0,2,2,4
165190,59195,801824A80,2AA1CBD5AA0,2,2,4
165508,18992,80008A4D0,2AA1EF19E30,2,2,4
171713,18992,80010AEE0,2AA1E0E98E0,2,2,4
176655,37433,800442EE0,2AA2057DC00,2,2,4
183562,74075,80010B530,2AA1E0F5780,2,2,4
186158,78590,80018BD20,2AA1CA71560,2,2,4
230507,86501,808757910,2AA1D0FE6C0,2,2,4
248277,90467,83480CAF0,2AA20036060,2,2,4
249180,75900,807DD29C0,2AA1D0AAC20,2,2,4
269258,107430,824DFD460,2AA1F9EA1E0,2,2,4
290879,1509,800311A80,2AA1E103540,2,2,4
291006,5767,81847A5A0,2AA1EB1F830,2,2,4
315134,30584,800B427B0,2AA2019DB40,2,2,4
339146,40492,80203F0D0,2AA1CC47060,2,2,4
470632,92825,8013BF540,2AA1E6D8FB0,2,2,4
470762,92903,80BAA5E60,2AA206A9E80,2,2,4
475895,18992,80021D4F0,2AA1E2AAA90,2,2,4
487617,10909,810A8F8E0,2AA1D3E4CD0,2,2,4
535777,33122,818420DE0,2AA1F5FC6D0,2,2,4
558966,85764,8018EF450,2AA1E7DDCB0,2,2,4
578486,113581,842225B70,2AA20325610,2,2,4
582018,48841,8000A38F0,2AA1F53C530,2,2,4
601006,85402,8005A4DB0,2AA1CA9E520,2,2,4
664832,79056,800228E60,2AA1CA7FEC0,2,2,4
668391,51914,8113A68D0,2AA1F262420,2,2,4
687576,27717,80042CAE0,2AA1CABA460,2,2,4
705182,27717,80052D830,2AA2023F5B0,2,2,4
707090,26743,81B0AB810,2AA1F6AD4F0,2,2,4
713369,24802,80C766FA0,2AA1E7EAA30,2,2,4
781557,34541,803DAB770,2AA1CF183E0,2,2,4
891576,57548,80021CB00,2AA1EC99C30,2,2,4
950930,6030,80D12B500,2AA1FF62BF0,2,2,4
989301,49671,812EFBEB0,2AA20461CB0,2,2,4
993196,96989,80586DA10,2AA204A2E10,2,2,4
996481,16523,80050D960,2AA1EA78F30,2,2,4
1010487,78145,8143B7C90,2AA1F39AAB0,2,2,4
1068192,36572,803C648B0,2AA204BCD10,2,2,4
1109166,35302,80269E490,2AA1CB9B620,2,2,4
1124958,78590,8005C45C0,2AA20550210,2,2,4
1145692,76386,81C54F030,2AA1F7634D0,2,2,4
1180377,78590,8003C8FF0,2AA1CA8F0D0,2,2,4
1187492,4177,804C46170,2AA1EDC4D30,2,2,4
1215723,74916,80035B870,2AA206A2EC0,2,2,4
1216682,23444,80066F560,2AA206718C0,2,2,4
1219622,35302,8127108C0,2AA208362B0,2,2,4
1330630,79056,8001D1D30,2AA1E10ED90,2,2,4
1503485,42751,80A010160,2AA1CF60DC0,2,2,4
1506260,76000,8002D77B0,2AA1E13B7B0,2,2,4
1511295,31413,8092B6BA0,2AA1D0C9C80,2,2,4
1576746,37433,800428940,2AA1CAC8BE0,2,2,4
1678557,117639,80222FFF0,2AA1E2D6F50,2,2,4
1679636,98823,80D931F90,2AA1F105D40,2,2,4
1679707,11200,80E528E20,2AA1F0F4DA0,2,2,4
1701003,31720,8215EA040,2AA1D3C0E70,2,2,4
1718303,73709,83CEEAEE0,2AA20310DE0,2,2,4
1729259,79056,8002EA5C0,2AA1EBD1930,2,2,4
1765075,3170,8000EC410,2AA1FE81760,2,2,4
1853841,39026,814DA4470,2AA1F40A4F0,2,2,4
1854948,79056,8001F1E00,2AA1E5BFBF0,2,2,4
1863475,46133,8000F2F00,2AA205F2710,2,2,4
1869720,41018,80BC64630,2AA1D1626C0,2,2,4
1964412,13845,800178670,2AA1E0DE940,2,2,4
1970511,67891,8190AC4D0,2AA20594080,2,2,4
1985002,23444,8003DC750,2AA2073BEC0,2,2,4
2070075,23444,8002DB270,2AA1CAAB260,2,2,4
2074719,4671,80D07F210,2AA1EF38960,2,2,4
2079009,18992,80027F150,2AA1EA39230,2,2,4
150536,111307,814CB77A0,2AA1F3CA470,1,3,4
552643,44824,842227010,2AA2031B6F0,1,3,4
580140,31491,823D5EB90,2AA2083BB90,1,3,4
647461,59338,800EBAE20,2AA1CBC8700,1,3,4
698959,119455,800E3AE80,2AA1E8D7430,1,3,4
776864,30584,80087EBE0,2AA205524B0,1,3,4
782736,79056,8001AFAA0,2AA1E10EAF0,1,3,4
844248,79056,8003B3E50,2AA1EE928C0,1,3,4
1213331,74075,80014A7A0,2AA1EC111F0,1,3,4
1466244,23444,80017C1F0,2AA20837A10,1,3,4
1760245,44824,8000ED0D0,2AA2031B5D0,1,3,4
1992066,13845,80007A2B0,2AA1E0DDA70,1,3,4
73280,42301,80D4FA940,2AA1F337AD0,0,4,4
123223,78590,801807360,2AA20584C60,0,4,4
391476,58612,80F8A3280,2AA1F1BBF20,0,4,4
548549,40839,820663F80,2AA1EDFC030,0,4,4
616548,35302,805C7F990,2AA1CB9DAE0,0,4,4
788276,106169,80F0610C0,2AA1F3C0D30,0,4,4
880426,82481,8000B5170,2AA1FAA6000,0,4,4
966826,22004,81B881130,2AA1F2B5C80,0,4,4
1043552,37343,80D6D26E0,2AA1F308FC0,0,4,4
1063529,17365,8037B3EC0,2AA1CEA42C0,0,4,4
1135272,74203,8173BB2F0,2AA1D7D4CF0,0,4,4
1240854,77429,806D2C090,2AA1E61B590,0,4,4
1283599,97510,80A5E3E80,2AA2079A880,0,4,4
1295969,110246,803E742D0,2AA1EEC6420,0,4,4
1411997,111326,80056AAB0,2AA1CB57000,0,4,4
1452496,12172,8013CB2F0,2AA1E2E4910,0,4,4
1481309,17427,8149E3F50,2AA207D6D60,0,4,4
1496821,117339,80C3034E0,2AA1E7858F0,0,4,4
1538676,110605,81645A500,2AA1D832470,0,4,4
1578306,64402,80C880250,2AA207A4D20,0,4,4
1580728,3170,83F4E09A0,2AA2032EDC0,0,4,4
1697683,108711,804228B10,2AA2042E410,0,4,4
1714851,85402,8004E9210,2AA2053C9B0,0,4,4
1754093,110626,815EE2D50,2AA205ABB40,0,4,4
1771510,35338,806F2D900,2AA1E3A04D0,0,4,4
1774566,1509,8004ECA10,2AA1E37FC10,0,4,4
1794641,45703,803288650,2AA1E1E73B0,0,4,4
54489,9440,80F0BF860,2AA1F1CDBA0,3,0,3
59230,74075,800203B00,2AA1E626310,3,0,3
95796,3100,80BE20EA0,2AA1CFC4720,3,0,3
96773,78590,800385590,2AA1CA8EBF0,3,0,3
122406,71165,80CD79890,2AA1D051EA0,3,0,3
176737,116592,81359C070,2AA1D4B23D0,3,0,3
449223,32192,8043FACA0,2AA20694440,3,0,3
709211,16121,80088E9A0,2AA1E1942F0,3,0,3
790508,54096,8042FB380,2AA207FC140,3,0,3
794523,85003,8218EF960,2AA1DB75F10,3,0,3
794904,104698,801E8CA50,2AA1CB4EEE0,3,0,3
909627,106679,819B664B0,2AA1E192F10,3,0,3
992719,13845,80013CE90,2AA1E0DE2E0,3,0,3
1004053,32601,815BF9BC0,2AA1E7023D0,3,0,3
1031522,92305,803F7ED40,2AA1E262EF0,3,0,3
1084117,107430,822F2FBD0,2AA1F906FE0,3,0,3
1134568,45120,8205C1D30,2AA1DA1D2B0,3,0,3
1137066,27717,8023C30B0,2AA1CABF7A0,3,0,3
1164190,37798,81BC4FB20,2AA1F773F90,3,0,3
1181992,51314,81C69A100,2AA1F702CF0,3,0,3
1214379,67525,831332920,2AA1FD07F40,3,0,3
1227452,60738,8110DC6F0,2AA1F2E0800,3,0,3
1391890,85402,801E554E0,2AA1CA68FB0,3,0,3
1399728,74075,8009D5D20,2AA1E3DE890,3,0,3
1485065,54325,80A967F70,2AA1E98AC50,3,0,3
1497264,103720,8061F6D50,2AA1E771990,3,0,3
1622607,29379,811BE5BE0,2AA1D5C0F10,3,0,3
1632668,54096,8135AF5D0,2AA1D059120,3,0,3
1746995,16413,808F03D50,2AA1CFF3CC0,3,0,3
1753398,29452,837344120,2AA1FECF650,3,0,3
1789321,227,802377EA0,2AA1E3D8090,3,0,3
1805632,59195,800D40380,2AA1CBD3CA0,3,0,3
1893289,113597,812166B30,2AA1E81F230,3,0,3
1894860,19477,800522EC0,2AA207DD2E0,3,0,3
1912200,79504,812FBABA0,2AA1E56FCD0,3,0,3
1957210,6742,80FD53450,2AA1CE914E0,3,0,3
1981448,89856,80824C7C0,2AA1D001980,3,0,3
2036587,45158,8056ADBB0,2AA206AF2E0,3,0,3
2050310,2070,819015B20,2AA1D4B7190,3,0,3
1196,78590,809680B20,2AA1CA97470,2,1,3
52428,78590,8004839E0,2AA1FEB6470,2,1,3
58383,108539,804DB16A0,2AA1E434D90,2,1,3
80164,88108,808B3A510,2AA206F5E70,2,1,3
87611,79056,8002853F0,2AA1E10F690,2,1,3
88480,74916,800794750,2AA207FB180,2,1,3
89679,113446,800123D90,2AA1EBD5A50,2,1,3
129982,30584,800459290,2AA1CAF1E60,2,1,3
131368,13845,8001081F0,2AA1E31D590,2,1,3
134162,79056,8001881A0,2AA1E10E8B0,2,1,3
151032,76001,80D9E5AA0,2AA1F0088A0,2,1,3
151237,91213,8015BB450,2AA2079BC80,2,1,3
162416,108539,805E3B0D0,2AA1E4353F0,2,1,3
167734,45854,80AE5B2E0,2AA1F03EBA0,2,1,3
172421,91213,800F38930,2AA2067AB00,2,1,3
183676,98546,8036225D0,2AA1E233370,2,1,3
189717,47216,810DF4420,2AA1F0D10C0,2,1,3
202787,59195,8024A2F30,2AA1CBD7180,2,1,3
219670,74075,80018D980,2AA1ED7FAF0,2,1,3
228008,60506,809FDC6C0,2AA1F23B520,2,1,3
232889,119455,80049E760,2AA1E177ED0,2,1,3
235613,103237,81B5CC290,2AA1D781BD0,2,1,3
272087,91213,800522BB0,2AA207600A0,2,1,3
276068,107057,80D9FEDB0,2AA1F28BF80,2,1,3
278216,15372,81E04F840,2AA1E9D5710,2,1,3
283791,16610,805F81D20,2AA1E1AB7B0,2,1,3
284432,36572,809B347C0,2AA1FF80B30,2,1,3
285080,74075,800111650,2AA1EDC3FF0,2,1,3
287423,78590,800391010,2AA1CA8ED70,2,1,3
307581,102914,80A2E88C0,2AA206A9E20,2,1,3
311826,104698,8007AF0E0,2AA1CB4B520,2,1,3
312260,16523,800823AD0,2AA1E182570,2,1,3
317491,87015,80216DF70,2AA1CCBF500,2,1,3
333155,64781,80EDE81C0,2AA1D03E580,2,1,3
333662,19477,802E42B40,2AA1CB379E0,2,1,3
343820,104344,8041210E0,2AA207D8E20,2,1,3
346839,62272,81945E360,2AA1F65CAD0,2,1,3
351949,37433,80045DA60,2AA1CAC8E80,2,1,3
386635,74943,80DF292E0,2AA1E343070,2,1,3
447048,23354,82A9C7E80,2AA1E7C4A30,2,1,3
447083,44824,84221D890,2AA203253D0,2,1,3
451063,27717,80011D160,2AA20557A30,2,1,3
455911,53716,802FB7C20,2AA1E3EB3B0,2,1,3
480569,74075,812C1D600,2AA1E0FEAE0,2,1,3
491430,52147,81C5B3690,2AA1F7450B0,2,1,3
498906,3170,84221EED0,2AA2032ECA0,2,1,3
504826,108643,81B369B20,2AA203246F0,2,1,3
524928,56730,805974A50,2AA201A0EC0,2,1,3
534349,1509,800220CF0,2AA1E1026A0,2,1,3
548457,82949,8234DB660,2AA1F901B00,2,1,3
552292,103898,800EBC1B0,2AA20549910,2,1,3
592111,64746,807BB1570,2AA1E42F1F0,2,1,3
612838,48383,812D13770,2AA1F3A1610,2,1,3
659980,35113,81E260B30,2AA1D8E2D10,2,1,3
665728,89427,818604C40,2AA1EDBEFD0,2,1,3
675210,91213,80041B550,2AA1CAE41C0,2,1,3
680878,106871,829E1CF50,2AA1DB62710,2,1,3
687396,119700,813CFF340,2AA20514990,2,1,3
697120,78590,80022A130,2AA1CA725E0,2,1,3
717174,27823,802F61560,2AA20452150,2,1,3
723552,75735,8145F0B70,2AA1F4E19C0,2,1,3
735424,58210,800E603E0,2AA1ED8FBD0,2,1,3
742680,27717,8003AB310,2AA2081E760,2,1,3
774004,16121,80010A820,2AA1E541E90,2,1,3
797821,109386,80AE0CDB0,2AA1D3B67B0,2,1,3
801148,97333,80418FFE0,2AA1CDFB320,2,1,3
802565,79056,8001B1740,2AA1E593430,2,1,3
821058,74075,8001B2490,2AA1EBC4DF0,2,1,3
827611,49146,8136C7370,2AA1D1DE6A0,2,1,3
835521,104698,80058F240,2AA1CB4AB00,2,1,3
841008,1509,8003B3F90,2AA1E467D70,2,1,3
843600,49341,8016CA420,2AA207F16A0,2,1,3
848544,85402,800C33FF0,2AA2084F350,2,1,3
855465,45096,8153DABD0,2AA1D7664D0,2,1,3
855638,49189,816E2C200,2AA1FD3F220,2,1,3
856028,84395,8007A2060,2AA207B33C0,2,1,3
860055,7470,812508250,2AA1EDF9CB0,2,1,3
871169,117113,8160C4BC0,2AA1CEFEE60,2,1,3
886907,79056,800336040,2AA1CA80340,2,1,3
888198,81566,800A7D310,2AA1EC217F0,2,1,3
898447,19477,807861D40,2AA207740A0,2,1,3
906753,26817,81AA3C1E0,2AA1E157E10,2,1,3
907307,26817,8013BC280,2AA1EE99B60,2,1,3
907889,40431,814D30C00,2AA205D5640,2,1,3
912032,23354,811AEB690,2AA1EDCEB50,2,1,3
916238,114632,80ADE3DC0,2AA20839350,2,1,3
923382,41305,8033E1240,2AA1E9B6370,2,1,3
923727,64580,806D26000,2AA1CE72A40,2,1,3
938818,74988,8093AB090,2AA1E6D0ED0,2,1,3
947699,120748,821F47CC0,2AA1EA80E50,2,1,3
950197,99089,80270DCC0,2AA1EC676D0,2,1,3
951117,89187,8009135A0,2AA1CBB04E0,2,1,3
962862,85529,80ACA28C0,2AA1EFAA980,2,1,3
977272,1005,812355580,2AA1D6E1CB0,2,1,3
995712,42159,81FCEBB10,2AA1DB441B0,2,1,3
999515,23444,8001188D0,2AA1CAAA900,2,1,3
1008864,41550,80AE0E8F0,2AA20496FD0,2,1,3
1009096,59195,801593620,2AA1CBD5260,2,1,3
1009761,68574,801108C50,2AA1E218EB0,2,1,3
1013587,80845,8121B6F20,2AA1F0E0C20,2,1,3
1022642,41489,80B1A5A10,2AA1CB46A00,2,1,3
1031202,27818,806B551F0,2AA1EF1DDF0,2,1,3
1063326,74038,8000C1710,2AA1FCA3FF0,2,1,3
1066752,97011,8221F9750,2AA208402F0,2,1,3
1070577,8359,8000C2D10,2AA1FCB6E50,2,1,3
1084701,1509,800142F60,2AA1E101500,2,1,3
1090660,16121,8002E70C0,2AA1EE6DEC0,2,1,3
1100044,85402,8008C3720,2AA205D9F00,2,1,3
1102327,79056,800443CE0,2AA2076ECE0,2,1,3
1107931,3635,8178E7BE0,2AA2027B010,2,1,3
1113424,74038,8000C40D0,2AA1FCA40E0,2,1,3
1153661,69565,8099EEF50,2AA205BD400,2,1,3
1153680,85402,8003C6BD0,2AA1CA9CEA0,2,1,3
1165815,76000,8002CC530,2AA1E64FC50,2,1,3
1167885,75530,8249EC540,2AA1EC54F90,2,1,3
1172589,19347,803C5CC70,2AA207A77E0,2,1,3
1181597,13845,8001C87A0,2AA1E8ED390,2,1,3
1194071,7470,800EF5A40,2AA1E196BF0,2,1,3
1220198,68991,80B6691D0,2AA20559A90,2,1,3
1226516,74916,80055A2F0,2AA203EF170,2,1,3
1242676,74388,80ED96C60,2AA1E4B76D0,2,1,3
1254034,34505,8018E1D50,2AA20679D80,2,1,3
1263961,35542,8150F3570,2AA1E183890,2,1,3
1270948,87649,8001CD2D0,2AA1EF19F50,2,1,3
1274346,5735,8036886C0,2AA202C1E10,2,1,3
1284481,85402,8001CEBD0,2AA1CA63130,2,1,3
1289596,75900,813592DF0,2AA1D0AB0A0,2,1,3
1292505,40782,808FAC770,2AA1E4B6950,2,1,3
1293521,85402,8001CF4F0,2AA2052F1F0,2,1,3
1296875,109032,80958AAA0,2AA207AEA20,2,1,3
1311549,41997,84F085AC0,2AA205C24C0,2,1,3
1324776,119502,84F085390,2AA1DFF96B0,2,1,3
1335657,97333,80876F320,2AA1CDFB7A0,2,1,3
1338164,13991,8222C43A0,2AA1CF782E0,2,1,3
1338205,7428,80623DBB0,2AA1EB3E030,2,1,3
1340308,118304,808EAA6C0,2AA1E3A74B0,2,1,3
1344964,116032,812ED19E0,2AA1D449C10,2,1,3
1350491,41907,801CD14C0,2AA207C9DA0,2,1,3
1355979,78590,800453BB0,2AA207E5260,2,1,3
1392627,79056,8003D5020,2AA20663840,2,1,3
1406499,111881,804514950,2AA1E3AC6F0,2,1,3
1409895,85402,8003566A0,2AA20608800,2,1,3
1424426,26937,81C8B6C80,2AA1E1DA0B0,2,1,3
1427711,120692,80131D630,2AA1E27E810,2,1,3
1465919,78590,8004597A0,2AA20247750,2,1,3
1477250,59451,81B05F750,2AA1ED21F70,2,1,3
1480479,74916,8003CBC00,2AA207EC860,2,1,3
1487548,23446,80BE6F560,2AA1EA2AA90,2,1,3
1505817,57548,800376540,2AA1E1312F0,2,1,3
1507172,64200,805E1E310,2AA1E2AD010,2,1,3
1525001,86604,803E2DDB0,2AA1CBE3E60,2,1,3
1546421,113446,8002789B0,2AA1EC64DB0,2,1,3
1552114,94000,8074867B0,2AA202D0870,2,1,3
1557830,90953,806DB25D0,2AA1EC9C110,2,1,3
1558503,52431,81FC70100,2AA205DD370,2,1,3
1570460,97110,8000E6930,2AA20177790,2,1,3
1581807,74314,805E64120,2AA1EF49C80,2,1,3
1582953,96608,802B7ADB0,2AA1E3327D0,2,1,3
1588815,87649,800D61A90,2AA1EF1A5B0,2,1,3
1589558,27941,815CC2C50,2AA207DC5C0,2,1,3
1594599,32677,803577FF0,2AA207FAE20,2,1,3
1609146,97335,80BDD6630,2AA1EDC0630,2,1,3
1613288,27717,800D64540,2AA205A8480,2,1,3
1627972,27717,8003E57B0,2AA206F3BD0,2,1,3
1630259,89187,8038CAF80,2AA20560E30,2,1,3
1633751,96280,80BFA07E0,2AA1E8F7A30,2,1,3
1643491,101975,81A4AFE70,2AA1F7B6EF0,2,1,3
1650158,119455,800375110,2AA1E880490,2,1,3
1657945,119455,8003759D0,2AA1E177C30,2,1,3
1662354,37433,80152DD90,2AA1CACC0C0,2,1,3
1663046,26817,8002EE7C0,2AA1E14FE30,2,1,3
1665997,27717,800560920,2AA1CABAD60,2,1,3
1668111,15634,800A56540,2AA1EE7CD40,2,1,3
1686195,41632,82D0B5FA0,2AA205FFC40,2,1,3
1696310,47261,811B48EB0,2AA1EF5C1A0,2,1,3
1702731,18181,80CE03EF0,2AA1E48F870,2,1,3
1704000,101406,83CEEBB20,2AA20338680,2,1,3
1706348,79056,8003E8C60,2AA1CA80D60,2,1,3
1714734,85402,8007691F0,2AA206452A0,2,1,3
1733489,79056,8012EA1F0,2AA204CC170,2,1,3
1740800,18992,8006EADB0,2AA1EB4A630,2,1,3
1741705,111326,800556E90,2AA1CB56E80,2,1,3
1763502,11088,8012A4700,2AA1EC90150,2,1,3
1766169,66933,810C2CB20,2AA1D229200,2,1,3
1799933,16121,8001CBB70,2AA1E5A8510,2,1,3
1818477,113581,8000E9420,2AA1FE9FF30,2,1,3
1840850,74916,8003E1DB0,2AA1CAD6880,2,1,3
1841799,76000,8002FBC20,2AA1E13B930,2,1,3
1852884,99490,802D85670,2AA1CDEFEA0,2,1,3
1855032,74075,800171A10,2AA1E0F6020,2,1,3
1860246,100711,812A933C0,2AA1D26D920,2,1,3
1866509,121759,8117D3170,2AA1F119140,2,1,3
1876640,117339,80BBABE00,2AA1E5ACD30,2,1,3
1880275,42391,801F459F0,2AA1EF3D540,2,1,3
1882967,57082,806F22B80,2AA1E725710,2,1,3
1896104,116697,8023DE470,2AA20540830,2,1,3
1903172,85402,800074AD0,2AA1CA9B820,2,1,3
1925356,77116,81A2734C0,2AA204F45F0,2,1,3
1925602,78140,80F470980,2AA1F164220,2,1,3
1931762,3322,80F83DF90,2AA1F0EBD60,2,1,3
1945853,64683,81D38CCE0,2AA1F709310,2,1,3
1946951,40984,80CA3FEF0,2AA1F175BA0,2,1,3
1958604,85213,8011D8440,2AA1EC696D0,2,1,3
1965116,98315,8134E2CA0,2AA1EB69870,2,1,3
1966178,74314,802BFC6B0,2AA1EF99B40,2,1,3
1968089,77073,8019A4F00,2AA1CC206A0,2,1,3
1986761,119455,800A69E80,2AA1EB56A50,2,1,3
1991543,74916,80056B1B0,2AA206CE650,2,1,3
2006153,18992,80007B600,2AA1CA71110,2,1,3
2008215,112941,80C8501F0,2AA1E621C70,2,1,3
2009129,75454,81AF6D5E0,2AA205E65E0,2,1,3
2029903,86673,81AC7A930,2AA2034A790,2,1,3
2038379,34505,8038D1FF0,2AA2066EBA0,2,1,3
2044097,85402,8054FD520,2AA205D0340,2,1,3
2049040,17581,800DC27E0,2AA1E24FFB0,2,1,3
2058126,32749,8168F30C0,2AA20582460,2,1,3
2065304,45016,8057F7AE0,2AA2056F0C0,2,1,3
2070053,37433,800236D70,2AA206CB4D0,2,1,3
2076180,85402,8005FF480,2AA206AD5E0,2,1,3
2078502,84395,800AE91D0,2AA1CB011E0,2,1,3
2078634,97174,8521FC070,2AA1FCA3E70,2,1,3
2080781,58210,8003B2A10,2AA1ED01FD0,2,1,3
2081550,79056,80007FC40,2AA1E10D8C0,2,1,3
2086437,19477,8004A92A0,2AA1CB323A0,2,1,3
4707,115637,81153F810,2AA1EF7A8C0,1,2,3
5852,71452,805904140,2AA1E287830,1,2,3
20273,23444,800524810,2AA2068B3E0,1,2,3
22059,77605,8073DCFC0,2AA1D25D900,1,2,3
38512,113446,8003240F0,2AA1E126DD0,1,2,3
47771,24617,800515DB0,2AA1CB0BE80,1,2,3
55905,91142,81803E830,2AA1F61A170,1,2,3
58302,76733,81BA53590,2AA1EF46DE0,1,2,3
62788,87649,800083280,2AA1EF19AA0,1,2,3
94860,85402,800105DB0,2AA1CA62B30,1,2,3
109382,112941,81D4ADBE0,2AA1E5F54B0,1,2,3
122879,41489,800B9C890,2AA1FDC8570,1,2,3
128920,67144,80BE2EF10,2AA2063C4A0,1,2,3
154258,1509,800F090D0,2AA1E105BE0,1,2,3
189995,16121,8001AE470,2AA1EB11EB0,1,2,3
190917,13845,80040BB50,2AA1E0DFCC0,1,2,3
199002,47550,811A71D80,2AA1EA87630,1,2,3
201432,18992,80010C3E0,2AA1E0E99A0,1,2,3
220780,13845,80010D990,2AA1E0DDF80,1,2,3
226738,4207,81AFA4270,2AA1E3F7B70,1,2,3
237106,85402,80010E900,2AA1CA9B9A0,1,2,3
238133,18992,80188EC00,2AA1EF26FD0,1,2,3
240638,12172,80979CEF0,2AA1E32DAD0,1,2,3
242989,81241,813CD33C0,2AA203011F0,1,2,3
247897,94609,81259AE10,2AA1E473D50,1,2,3
251776,14304,814059F40,2AA1F43F950,1,2,3
262545,40782,80C4F3530,2AA1E4B7730,1,2,3
262825,23444,800335E00,2AA20754720,1,2,3
310659,16121,8003B6E40,2AA1E11BD10,1,2,3
320717,82394,800FD82A0,2AA1E5C7BB0,1,2,3
333797,96364,811E7CFE0,2AA1D6B3250,1,2,3
342427,87962,8249EC590,2AA1EA44B90,1,2,3
363853,85764,80045B510,2AA1E15A1D0,1,2,3
372322,77104,807B51040,2AA2082DEE0,1,2,3
381860,41489,80098C740,2AA205F37C0,1,2,3
392869,35302,8038C25D0,2AA205A70E0,1,2,3
396014,27717,802A1EF60,2AA1CABFF80,1,2,3
400325,69737,8012C0490,2AA1CB7EAE0,1,2,3
414132,85402,800119610,2AA1CA62D70,1,2,3
416901,79056,800419D50,2AA205DFA70,1,2,3
417030,113581,84221F4F0,2AA203254F0,1,2,3
447319,94609,833B0EB40,2AA1E475130,1,2,3
448118,24617,80048C500,2AA2084C870,1,2,3
448244,1509,80031B0A0,2AA1E1035A0,1,2,3
474997,2600,822181D00,2AA1D4E73B0,1,2,3
478147,104698,8005A1420,2AA1CB4ABC0,1,2,3
478569,120468,82A9C8010,2AA1EB59830,1,2,3
482899,78590,80011D3E0,2AA20780260,1,2,3
491813,20019,81A7090F0,2AA1D3EEF70,1,2,3
495010,111326,8005A2780,2AA1CB57300,1,2,3
500354,103720,803D33BD0,2AA1EB55DD0,1,2,3
504724,101406,84221D380,2AA203386E0,1,2,3
505204,12585,831032700,2AA1FCB1FA0,1,2,3
513527,3170,84221F010,2AA2035EF30,1,2,3
530941,37798,8000A85A0,2AA1F6B8B10,1,2,3
536065,39982,817C939B0,2AA20461830,1,2,3
543592,94978,813A6E000,2AA20857350,1,2,3
567618,23444,8004870C0,2AA202F0E50,1,2,3
568907,26937,800843780,2AA1E1D2FD0,1,2,3
570068,77924,81EECAFB0,2AA1F6B05B0,1,2,3
571460,14494,80ABB7300,2AA1E4FE2B0,1,2,3
573686,81010,809397C30,2AA1E652F70,1,2,3
575517,37433,80036B770,2AA1CAC80A0,1,2,3
593957,50931,81F2506D0,2AA1D817BF0,1,2,3
602422,74075,800124EA0,2AA1E0F5A80,1,2,3
610681,72763,81D35EE60,2AA1F7A2BB0,1,2,3
622906,120496,8093E51D0,2AA2076F820,1,2,3
625104,79056,8005260F0,2AA205C04E0,1,2,3
648556,7517,80417C730,2AA204E8ED0,1,2,3
660668,121407,81CDD8D60,2AA1F7B4E50,1,2,3
683043,78590,800229770,2AA20551A90,1,2,3
684475,70763,808971ED0,2AA1E781430,1,2,3
705592,80188,803E1CE90,2AA2080ACA0,1,2,3
707145,85402,80042B520,2AA2010FD90,1,2,3
712282,85213,80118BF10,2AA1ED97AB0,1,2,3
725193,78590,80032CC90,2AA1CA8E6B0,1,2,3
740657,17003,809815080,2AA1E498790,1,2,3
756229,54327,80365EE60,2AA207E6E80,1,2,3
768923,227,802FB54B0,2AA1EDC46B0,1,2,3
771282,26898,817855B80,2AA2075D5E0,1,2,3
771400,78590,80022FE20,2AA207FB7E0,1,2,3
773514,41145,815F503A0,2AA2059F560,1,2,3
773699,6811,82DBDBCD0,2AA1FA9D2A0,1,2,3
791605,32260,8071F6C10,2AA1E2C3630,1,2,3
830908,76001,80C8DE0B0,2AA1F258B00,1,2,3
842611,76000,8011B88A0,2AA1E2C9410,1,2,3
843749,23727,80314EEC0,2AA1CC775E0,1,2,3
857758,79056,800334C90,2AA1CA802E0,1,2,3
862506,43234,8094059C0,2AA202B1070,1,2,3
866037,37433,80027D230,2AA205515B0,1,2,3
881395,74988,8012A49E0,2AA1E2EBCB0,1,2,3
885821,74916,8003A74A0,2AA1CAD65E0,1,2,3
889803,41145,801CC9D30,2AA2079DEA0,1,2,3
889850,89017,82FD47440,2AA1FCDFC40,1,2,3
910757,74236,8119B0FD0,2AA2084D3D0,1,2,3
917232,26743,818938EC0,2AA1F6AB090,1,2,3
919078,58210,800C75690,2AA1ED487B0,1,2,3
935690,18992,803F393F0,2AA1F2E1F00,1,2,3
947414,5256,84221F800,2AA203AF730,1,2,3
955086,81566,800271D10,2AA1EEEE920,1,2,3
955419,30584,80476BBF0,2AA2061EE40,1,2,3
976749,35302,8007E1A10,2AA20371150,1,2,3
984910,36572,805C196F0,2AA2080F600,1,2,3
990453,94751,803E6FAD0,2AA1E32C030,1,2,3
991804,34866,806815D30,2AA1E86B490,1,2,3
1003239,1509,80023DF70,2AA1E102760,1,2,3
1016866,57082,8083EF960,2AA1E725E30,1,2,3
1023380,76759,81F0FC150,2AA1F7DD5D0,1,2,3
1024821,13845,809D3ED40,2AA1E6A0050,1,2,3
1039354,41452,845DAB340,2AA204DBDD0,1,2,3
1057333,115190,80DAE0FA0,2AA207B69E0,1,2,3
1067713,87649,8001C1B30,2AA1EF1A4F0,1,2,3
1068157,91213,8004738A0,2AA1CAE4760,1,2,3
1073993,32260,8013879E0,2AA1E2C0990,1,2,3
1074348,51314,81AE938C0,2AA1F7009B0,1,2,3
1079076,16610,800FD2960,2AA1EEC49C0,1,2,3
1107414,96608,8023D83D0,2AA1E77B630,1,2,3
1122246,66985,80F7B3110,2AA1F149B60,1,2,3
1125605,74916,800354050,2AA20798960,1,2,3
1131889,87649,805FC5A00,2AA1EF1CDD0,1,2,3
1145868,28669,8054E58D0,2AA20708070,1,2,3
1149378,72387,813180630,2AA1F45C1A0,1,2,3
1153678,100943,8042409D0,2AA1CF81BC0,1,2,3
1163431,78725,8093611E0,2AA1E51DD50,1,2,3
1197007,1509,800749120,2AA1E6E03D0,1,2,3
1197597,75859,802E952B0,2AA1CD310A0,1,2,3
1199541,54664,815AC9520,2AA1F5338F0,1,2,3
1202849,104698,800875AF0,2AA205D6E80,1,2,3
1209749,78590,8006CA8B0,2AA1FF263D0,1,2,3
1226691,25142,8016FBAA0,2AA206CF630,1,2,3
1236502,106679,80081A450,2AA1EB248B0,1,2,3
1245900,57337,8208C4790,2AA205FE4A0,1,2,3
1270462,121708,814B26D60,2AA1F4F8540,1,2,3
1273740,81566,800305520,2AA1E1463F0,1,2,3
1281040,33928,8093A5B70,2AA1E7AFE10,1,2,3
1293690,23444,800BEA920,2AA20493CB0,1,2,3
1300907,121708,8122A4C90,2AA1F387720,1,2,3
1309462,84395,8016C6330,2AA1CB02F80,1,2,3
1330755,32605,83B22B5D0,2AA20122DF0,1,2,3
1353437,79056,801752AA0,2AA206A8080,1,2,3
1380343,18516,800B0DE90,2AA1EDE98B0,1,2,3
1388431,55838,8128B6780,2AA1F3A7BD0,1,2,3
1404752,115409,80228E820,2AA205CF160,1,2,3
1405236,106679,800707A90,2AA1E18AE10,1,2,3
1412733,35302,80338CDF0,2AA206DA530,1,2,3
1419934,25318,81277C2B0,2AA1E716A50,1,2,3
1457262,90271,83C6C24B0,2AA207F20C0,1,2,3
1457591,109688,801ACB490,2AA1EB44150,1,2,3
1470316,10630,8022F54E0,2AA1CD69B80,1,2,3
1482196,106679,805E0B530,2AA1EC36430,1,2,3
1490431,50455,803F59B30,2AA1CF09E20,1,2,3
1523646,87951,823D5EBE0,2AA207E29C0,1,2,3
1524168,44192,80A422770,2AA1EE72100,1,2,3
1526241,101698,810990B00,2AA1EEE78A0,1,2,3
1527502,23444,8013F8630,2AA2061A3E0,1,2,3
1542197,109794,81CFF4A00,2AA1F6DF130,1,2,3
1548976,101975,81AE95AA0,2AA1F8256E0,1,2,3
1553777,69737,801307FD0,2AA20591820,1,2,3
1557749,40492,805274BB0,2AA1CC49460,1,2,3
1558405,97367,8000D93E0,2AA1FEA0050,1,2,3
1563262,57548,8004F5CB0,2AA1E3C77D0,1,2,3
1567523,27717,800366A50,2AA20684960,1,2,3
1573453,41489,801DFB6A0,2AA1CB430A0,1,2,3
1593968,95835,80D0BAF50,2AA1E9A3050,1,2,3
1623878,67144,80154A8B0,2AA206E0990,1,2,3
1633262,46308,819381DE0,2AA1EA65530,1,2,3
1641602,76000,80026F880,2AA1E6CC230,1,2,3
1647788,60738,82F772540,2AA1F263400,1,2,3
1653417,97110,8000E38D0,2AA20177700,1,2,3
1665205,11376,813FCBE60,2AA1D748110,1,2,3
1676031,16121,800143570,2AA1E19D7F0,1,2,3
1707324,44824,8000EE4D0,2AA1FE96120,1,2,3
1715307,101406,8000EAE00,2AA20338380,1,2,3
1717672,59195,801747CC0,2AA1CBD58C0,1,2,3
1727165,34838,800F35B20,2AA1CB72460,1,2,3
1730974,1509,80FA6A6E0,2AA1E10AF20,1,2,3
1732428,101406,8000E9FD0,2AA20338200,1,2,3
1732973,16121,80014FD60,2AA1E11A210,1,2,3
1741564,48841,80186AE70,2AA1F378FD0,1,2,3
1755082,78590,800AEB3D0,2AA2085C490,1,2,3
1757893,40173,811E79A80,2AA1FEFD490,1,2,3
1778171,78590,80036DAB0,2AA1CA724C0,1,2,3
1789052,24802,818120FD0,2AA1EA18170,1,2,3
1793146,113446,8007CBA60,2AA1E127CD0,1,2,3
1814314,113581,8000E9820,2AA203250A0,1,2,3
1822403,90467,837EEC2D0,2AA20035FA0,1,2,3
1824738,92825,801B4C690,2AA1E2117B0,1,2,3
1834127,12712,81BFD3B40,2AA205A78C0,1,2,3
1843325,30773,8015A3C30,2AA203ADBD0,1,2,3
1845368,28462,80D0FC6B0,2AA2053F7F0,1,2,3
1858285,79056,8000F1B50,2AA200493F0,1,2,3
1882419,19477,800525A80,2AA203F62F0,1,2,3
1894325,113446,8004D2730,2AA1E127130,1,2,3
1910646,79056,800075790,2AA1CA71080,1,2,3
1923409,101323,80054D3D0,2AA20614160,1,2,3
1923642,80310,80EE6EB80,2AA1D629F10,1,2,3
1931256,113267,805916290,2AA1E4AA130,1,2,3
1934972,61676,8092C2E40,2AA1E7DC7B0,1,2,3
1943423,20646,813D03A70,2AA1D5EC6F0,1,2,3
1957441,1509,800178710,2AA1E19D7F0,1,2,3
1972699,117118,8170A9180,2AA1F690C70,1,2,3
1976747,16387,80C82B4A0,2AA1E7A0D30,1,2,3
1997764,105846,81940A1E0,2AA1F5C9F40,1,2,3
2035233,3873,81C277060,2AA205B8100,1,2,3
2045682,11994,80FE2B920,2AA206D9B10,1,2,3
2075584,52448,805F51C70,2AA1E995510,1,2,3
2079847,41907,80577C0A0,2AA206D33B0,1,2,3
2080432,36931,813994E30,2AA1EB09630,1,2,3
2081912,85764,800C32A20,2AA1E15B6D0,1,2,3
4242,32677,819016020,2AA204F69B0,0,3,3
141807,1005,811BE6110,2AA20510390,0,3,3
214405,37217,8010086E0,2AA1EC288F0,0,3,3
217216,18516,803BD42A0,2AA1E2BAE50,0,3,3
223024,1213,80B3AE3C0,2AA1E1B66F0,0,3,3
228513,48575,815BD7E30,2AA20687C80,0,3,3
315172,95195,8224627C0,2AA2075DE20,0,3,3
316868,79378,82E4B9460,2AA202F11D0,0,3,3
321505,80175,806342060,2AA1EF54140,0,3,3
389732,120029,8206E71E0,2AA1EB6A590,0,3,3
423694,107359,812463380,2AA1E3DA790,0,3,3
426258,92903,800523190,2AA20700D30,0,3,3
438008,79956,80387D890,2AA1CD5B140,0,3,3
441716,100601,809E41AB0,2AA1E56A730,0,3,3
581201,111326,80079F820,2AA20816320,0,3,3
587655,89856,82A411080,2AA1D005580,0,3,3
614247,26072,8006A5050,2AA1F292000,0,3,3
712168,1509,8042ABEF0,2AA1E540C70,0,3,3
724867,92903,80F5955C0,2AA1CB2ED80,0,3,3
802439,10761,84814B1A0,2AA20538B30,0,3,3
819683,101406,83D4B1F30,2AA203383E0,0,3,3
832931,37343,80E5DE9B0,2AA1F10F3E0,0,3,3
906979,32433,80D9D72A0,2AA1F0F8D80,0,3,3
1029042,110354,8151D9CD0,2AA1EA7D890,0,3,3
1043538,5735,80CD798E0,2AA202F00B0,0,3,3
1063803,72821,80992D180,2AA1E243670,0,3,3
1101599,35338,806502BA0,2AA1E39FFF0,0,3,3
1174931,19477,804F9ECC0,2AA206E0390,0,3,3
1227365,72661,81B882FD0,2AA1F28AF00,0,3,3
1327628,27717,8001D7ED0,2AA1CAB8CC0,0,3,3
1384174,46052,8181151D0,2AA1D8DC730,0,3,3
1501856,73368,816ABFEE0,2AA202BCCD0,0,3,3
1558549,18992,8001DFE90,2AA1E8B2A10,0,3,3
1603094,5302,8181E34C0,2AA1D5F8810,0,3,3
1763987,81566,800327670,2AA1E146750,0,3,3
1838970,103814,804BE48E0,2AA1CD3AC60,0,3,3
1877356,87112,8118994B0,2AA1F272420,0,3,3
2055050,54327,801E8D4C0,2AA204BCBF0,0,3,3
2497,24617,8007970F0,2AA20557970,2,0,2
3888,16121,8002A5D50,2AA1EDD09F0,2,0,2
6208,34838,8021DC320,2AA1CB749E0,2,0,2
12090,68461,84709FBE0,2AA203879B0,2,0,2
23793,79728,80D9FAD80,2AA200A2290,2,0,2
37594,101975,81D0C9090,2AA1F6E94D0,2,0,2
49665,64457,820A0D8A0,2AA1CCBC5A0,2,0,2
50913,85640,80126D960,2AA1E22A530,2,0,2
85093,48765,813C9F270,2AA1D4DA030,2,0,2
86374,79056,8011050C0,2AA1E112C30,2,0,2
96390,28220,808D2F330,2AA1E746990,2,0,2
102183,78590,800106EE0,2AA1CA71380,2,0,2
109527,34181,807005A80,2AA1CF58DC0,2,0,2
118472,81792,802FF31D0,2AA1CEB8C00,2,0,2
132369,27818,80A9E2060,2AA1F00CFA0,2,0,2
138314,96364,814FE00A0,2AA1D6B34F0,2,0,2
155047,88799,830235A10,2AA1FDB82D0,2,0,2
155639,58609,841C0A6A0,2AA1D40CDF0,2,0,2
158806,85427,807334AB0,2AA1D207300,2,0,2
161503,19067,83C697570,2AA1CFEA7A0,2,0,2
181989,87015,801A75B10,2AA1CCBE6C0,2,0,2
182819,114546,811D8FD70,2AA1D5B4AF0,2,0,2
187220,105710,8427EBFB0,2AA203BA390,2,0,2
188039,85363,82097B080,2AA1E8295B0,2,0,2
191301,111307,814135FB0,2AA1F3C95D0,2,0,2
191834,72624,805EAEB30,2AA1EF6F860,2,0,2
207235,801,83BF6C3C0,2AA1F4A36E0,2,0,2
208352,27791,84A524BE0,2AA20644A60,2,0,2
215486,55759,83AC0B960,2AA200518B0,2,0,2
218808,57548,83D7276A0,2AA1E13A4D0,2,0,2
224928,10761,8466F7E30,2AA20537C30,2,0,2
229061,19895,83EB457B0,2AA1ECA93B0,2,0,2
236125,46794,83AC4E710,2AA200BBAF0,2,0,2
237013,103720,800F239F0,2AA1E689F30,2,0,2
239166,78590,80A30E100,2AA1CA97770,2,0,2
241958,115361,84FA1A9C1,2AA1D8AEFB0,2,0,2
258904,107726,8068F8F20,2AA1E423270,2,0,2
262374,32192,800AF1580,2AA1CBA4340,2,0,2
273852,45712,81FF62480,2AA1F1FF500,2,0,2
297951,85552,83DA71D60,2AA1EE02650,2,0,2
298911,63993,81AD46CD0,2AA1D3C5330,2,0,2
299440,4083,82EC85A50,2AA1DCA8DB0,2,0,2
301746,54807,84A80B580,2AA20631C40,2,0,2
303043,7470,84CD2E040,2AA1E19E5D0,2,0,2
310862,111682,818C2D600,2AA208578F0,2,0,2
313420,46782,8009B3870,2AA1CB89D80,2,0,2
315286,92054,823BDAD50,2AA1D15EF20,2,0,2
323673,54327,802EE3670,2AA1CBEDDE0,2,0,2
337046,45803,830F27BB0,2AA1FDAC2B0,2,0,2
346188,81010,808BA1D30,2AA1E652D30,2,0,2
376851,117868,847638FC0,2AA204CC590,2,0,2
385375,28263,820A531A0,2AA1D5CA7F0,2,0,2
389438,37433,800BDFD10,2AA1CACAF20,2,0,2
401121,55891,80DB24660,2AA1F0D4C20,2,0,2
428087,12145,800E39DD0,2AA1E1BA3D0,2,0,2
436415,91602,80E2AEF00,2AA1F13C060,2,0,2
436616,56730,83CCCE4B0,2AA1D2110A0,2,0,2
460574,76512,836610950,2AA1FF750B0,2,0,2
466130,3170,84221CED0,2AA2032EBE0,2,0,2
466561,14309,80CD038C0,2AA1F0828E0,2,0,2
481393,74043,8208F2E50,2AA1D6A9110,2,0,2
482510,12952,814311FF0,2AA1D6C2870,2,0,2
489177,76782,83FC0F260,2AA1D193960,2,0,2
493555,68673,837659C20,2AA1ED22090,2,0,2
493614,80663,8313FD130,2AA1FE46910,2,0,2
495683,9975,8378557A0,2AA1DAECF10,2,0,2
500150,104345,84A203110,2AA206407E0,2,0,2
500500,69463,802176AF0,2AA1E589330,2,0,2
501866,54664,82339E1C0,2AA1F8B0860,2,0,2
502521,70491,8102C2760,2AA1F180EE0,2,0,2
512849,59902,804BA0BE0,2AA1CE01A60,2,0,2
522710,59637,8443AFA20,2AA2043DE50,2,0,2
523601,28590,802C27800,2AA1E397F90,2,0,2
530795,17635,83DBF6180,2AA201A15E0,2,0,2
530997,111076,80ABF74B0,2AA1E3CF230,2,0,2
543005,64402,800E41DE0,2AA1D266CA0,2,0,2
553469,78076,845183660,2AA204AA3B0,2,0,2
560471,103888,819066FD0,2AA1D5243D0,2,0,2
564353,88837,82081CF20,2AA1D6ED9B0,2,0,2
564838,58849,8117C5420,2AA1F2E0620,2,0,2
577516,100669,8117E9480,2AA1F2287E0,2,0,2
586848,1152,823F10A30,2AA1DB201F0,2,0,2
590974,8359,834BA7450,2AA1FE7CAF0,2,0,2
600425,94721,819B58BA0,2AA1EC6DE10,2,0,2
605287,25157,82C67D110,2AA1FC897A0,2,0,2
605336,108433,82EAFB920,2AA1FD2E2A0,2,0,2
612855,78590,800B25370,2AA1CA91290,2,0,2
615724,24617,8005B2EC0,2AA1CB0C1E0,2,0,2
619610,17691,8093E1410,2AA1D24DAC0,2,0,2
636852,120494,81CA18500,2AA1ED25550,2,0,2
638036,50432,84D89B920,2AA1EEF1320,2,0,2
638179,80628,814D107C0,2AA1F4DE920,2,0,2
653448,47873,839D4B6E0,2AA1EB379D0,2,0,2
659977,8979,83DAE5730,2AA1DE282F0,2,0,2
666476,21386,84F0C8260,2AA1D8CAB90,2,0,2
670828,77515,837A535A0,2AA1FFAB0D0,2,0,2
681123,62467,8363FA710,2AA1FF84210,2,0,2
681751,76620,813FA0620,2AA1D5285F0,2,0,2
682820,113653,81C6BA1B0,2AA1F753C30,2,0,2
683255,93264,81C898220,2AA1E5C14B0,2,0,2
683260,54371,83B83B220,2AA1DE0CCD0,2,0,2
685807,74916,8003BB020,2AA1CAD66A0,2,0,2
686591,2232,81B0490F0,2AA1EAFDE90,2,0,2
690304,111326,800B16680,2AA1CB58620,2,0,2
699036,26743,815E2A010,2AA1F52A270,2,0,2
699308,100172,8107BFE60,2AA1EA8A5F0,2,0,2
699406,84808,814FDCCF0,2AA1D3FD430,2,0,2
701912,10336,82177D4E0,2AA1F261520,2,0,2
708576,19879,82A505D00,2AA1FB77530,2,0,2
714032,31532,800B0DBC0,2AA1E1C23D0,2,0,2
714419,45150,81521DB20,2AA1CDADC00,2,0,2
715313,45586,832C7EF80,2AA1EE50EF0,2,0,2
723047,17581,800C13A80,2AA1EE00270,2,0,2
728527,9654,82E4B9370,2AA1D63F3D0,2,0,2
733687,56608,811D939A0,2AA20117710,2,0,2
734256,30549,81AD9B5B0,2AA1D9B8290,2,0,2
744367,84808,814FDB830,2AA1D3FD3D0,2,0,2
760898,74038,82E82ED60,2AA1FCA9690,2,0,2
761421,37762,806374DE0,2AA1E357290,2,0,2
773608,57548,8004057B0,2AA1E131470,2,0,2
802282,85402,800331270,2AA1CA63730,2,0,2
811474,66919,8439DF690,2AA203ECB30,2,0,2
811476,44900,840335A90,2AA20275930,2,0,2
825764,107087,8163A2D20,2AA1E4E9CB0,2,0,2
827990,112400,811829DD0,2AA1D1AC5A0,2,0,2
829197,79056,800632880,2AA1CA81C60,2,0,2
829843,21788,82C2D3DA0,2AA1FC34330,2,0,2
830174,98529,8152BFEF0,2AA1F4CCFA0,2,0,2
830616,104097,82AB01160,2AA1FAC41B0,2,0,2
835793,2547,807871D80,2AA1E2B4EF0,2,0,2
836234,89187,80169A370,2AA1CBB2AC0,2,0,2
838377,93463,812ABBA00,2AA1F406630,2,0,2
841751,99710,82115A840,2AA1EA833F0,2,0,2
844221,3672,812340340,2AA1D7C6BD0,2,0,2
845722,26800,8310326B0,2AA1FE12710,2,0,2
848698,21059,80447AE10,2AA1E579190,2,0,2
853139,114823,80603FD00,2AA1E4E1C50,2,0,2
863457,91805,81CC43520,2AA207988A0,2,0,2
866257,57599,835BBDDE0,2AA1F2F6000,2,0,2
867592,90467,83A1B6BC0,2AA2003CC60,2,0,2
877991,87649,802535180,2AA1EF35420,2,0,2
882112,78590,800336B10,2AA1CA8E770,2,0,2
882665,16523,804A06910,2AA1E1853F0,2,0,2
889381,98941,805BC2940,2AA1CEB34E0,2,0,2
889554,65752,82BD7AB70,2AA1FC471F0,2,0,2
906059,858,8049BF840,2AA1CCFF6C0,2,0,2
907448,78590,8002B7010,2AA1CA71C80,2,0,2
907504,54936,84090D8A0,2AA1EE44570,2,0,2
910712,74916,800526D40,2AA1CAD7720,2,0,2
926096,40290,849F907E0,2AA206474E0,2,0,2
932778,85213,801299610,2AA1E120450,2,0,2
944151,78200,81EAFE460,2AA1D8BB5D0,2,0,2
949916,92903,800503070,2AA205C1E60,2,0,2
966533,64781,80E747360,2AA1D03E4C0,2,0,2
967961,107662,80E1C6C40,2AA1D60B150,2,0,2
969453,100371,80C5A66C0,2AA1D4562D0,2,0,2
969654,91213,8005897F0,2AA1CAE4D60,2,0,2
974818,48383,81388D2A0,2AA1F3A2690,2,0,2
985146,74510,83477DBA0,2AA1D47C950,2,0,2
986382,118965,837751050,2AA1CC31700,2,0,2
989203,67525,82E7C4490,2AA1FD04A60,2,0,2
995336,64402,84725D930,2AA1D26B200,2,0,2
1011803,17758,827FB8960,2AA1FCCA300,2,0,2
1014868,83739,80554F7E0,2AA1CE9D940,2,0,2
1024917,112323,81A93A850,2AA1DA1F610,2,0,2
1033015,110844,827596B30,2AA1DBCD0B0,2,0,2
1041941,17392,82AC16330,2AA1D2D75F0,2,0,2
1044009,30584,800A912D0,2AA1F64ED30,2,0,2
1050490,89451,82AA7FF50,2AA1DC07FD0,2,0,2
1054170,55589,83B6F6FF0,2AA1DE5E0B0,2,0,2
1069734,30584,800A90B40,2AA204F48F0,2,0,2
1074055,75704,80DD3AA70,2AA1D48EFF0,2,0,2
1076834,80800,8389B5430,2AA1FC9C120,2,0,2
1079386,57548,8002682A0,2AA1E130F90,2,0,2
1080455,113833,81CE0E9B0,2AA1D9E3F30,2,0,2
1082980,107709,8207006B0,2AA1D98E510,2,0,2
1083845,7707,837471680,2AA1D93E010,2,0,2
1091858,44293,80ACFAB50,2AA1EFA1BA0,2,0,2
1103773,107564,8368E0950,2AA1FEB2D90,2,0,2
1113211,5473,801BC7F20,2AA205B49C0,2,0,2
1117761,111128,809749D20,2AA1CE307A0,2,0,2
1118211,27717,800242210,2AA1CAB8F60,2,0,2
1121591,50351,828B6EDF0,2AA1FB69010,2,0,2
1125317,96769,80C135510,2AA20586840,2,0,2
1152343,99089,800DF1220,2AA1EE0E850,2,0,2
1160588,24316,8297D1820,2AA1CF8CC20,2,0,2
1164370,57176,80365E440,2AA1CF947C0,2,0,2
1178977,70754,81F070820,2AA1D97C750,2,0,2
1180872,18990,81E84B660,2AA1F71B430,2,0,2
1185642,111881,801F0A110,2AA1E3AB1F0,2,0,2
1192760,31875,836B6B6F0,2AA1DD04230,2,0,2
1197216,53716,8076E5550,2AA1E3ED510,2,0,2
1204373,37433,800701E70,2AA1CAC9F00,2,0,2
1205441,51807,8337CA680,2AA1FEA0440,2,0,2
1209758,64947,829520B30,2AA1EFE2260,2,0,2
1211153,66832,815C1E700,2AA1D779EB0,2,0,2
1211266,82273,80774DBA0,2AA1E4D2590,2,0,2
1212685,106947,812593980,2AA1E58FF30,2,0,2
1220404,85764,800707D00,2AA1E15A890,2,0,2
1227244,63581,83064CFB0,2AA1ECB08F0,2,0,2
1236699,116981,814C56480,2AA1E60A050,2,0,2
1246668,2861,8083E62C0,2AA1E829070,2,0,2
1255967,106697,82C665C20,2AA1FC2BBB0,2,0,2
1257327,108340,819D80110,2AA206CAC30,2,0,2
1261868,43281,825275FE0,2AA1E982C10,2,0,2
1272884,122151,806FBFE40,2AA1E5D2330,2,0,2
1273704,84529,850EDE960,2AA1E0C7250,2,0,2
1278848,79056,849D4E3B0,2AA205E5EC0,2,0,2
1283085,71165,806C30A70,2AA1D050880,2,0,2
1283248,118502,819B64520,2AA1E92EA30,2,0,2
1285570,109487,808848FF0,2AA1E71EAD0,2,0,2
1292762,62425,80E8F67B0,2AA1EFAC600,2,0,2
1293831,40984,80AC87E40,2AA1EF33B60,2,0,2
1295393,24031,8013DAD40,2AA1E308830,2,0,2
1297477,82273,806048730,2AA1E27FEF0,2,0,2
1307455,15860,80B537AC0,2AA1EAC4890,2,0,2
1318383,39326,818BEDD80,2AA1F65EF70,2,0,2
1325126,103720,802A7C270,2AA1EA96490,2,0,2
1338799,113446,8001F45C0,2AA1E125FF0,2,0,2
1343275,86758,8308C38C0,2AA1FD92BB0,2,0,2
1344168,108532,8494D5BA0,2AA1ED9E1F0,2,0,2
1347879,17581,800C6D7C0,2AA1E16EA90,2,0,2
1350627,52448,80327C3E0,2AA1E1F0AF0,2,0,2
1356171,60167,80D1E9DD0,2AA1E66ACB0,2,0,2
1365303,25934,8019D58B0,2AA1CC9B120,2,0,2
1366129,45749,836E0D180,2AA1DB52FD0,2,0,2
1369421,98109,846E68340,2AA2056CDC0,2,0,2
1370142,107114,83D48A3F0,2AA201ABB20,2,0,2
1386234,74075,8094D4EE0,2AA1E0FDAC0,2,0,2
1387058,18516,806D8C740,2AA1E1A3BD0,2,0,2
1391422,63443,808FF6600,2AA2080B000,2,0,2
1395048,40694,8053B9880,2AA1D1331C0,2,0,2
1409949,56183,83D434130,2AA201C74C0,2,0,2
1412009,16139,8500729C1,2AA1DF03BD0,2,0,2
1420904,28164,83EDD4B90,2AA20167610,2,0,2
1436023,107992,810DFF250,2AA1E817CF0,2,0,2
1438725,36666,8000DBA70,2AA1FCCA120,2,0,2
1443729,54028,828DDE050,2AA1FAB26B0,2,0,2
1449463,97705,82AF59870,2AA1FC10090,2,0,2
1455094,84843,80C28F900,2AA1E899730,2,0,2
1457286,69737,801681930,2AA1CB7F7A0,2,0,2
1460155,80175,806A88310,2AA1EFC2980,2,0,2
1466444,104698,800BE5F20,2AA1CB4C5A0,2,0,2
1488933,7517,809F00F40,2AA1CE50BC0,2,0,2
1490183,21858,823874170,2AA1EB11910,2,0,2
1495942,121704,84C47FE90,2AA1DEE8550,2,0,2
1497939,78645,80FDD1CF0,2AA1D08AF00,2,0,2
1504702,88328,81B8FE4A0,2AA1EFF7260,2,0,2
1510561,28760,81ACBA3E0,2AA1F7C2490,2,0,2
1515041,76000,80ABD7F50,2AA1E1429B0,2,0,2
1515223,107633,819078D00,2AA1F5EBD60,2,0,2
1520454,24625,841BAABC0,2AA201F8D50,2,0,2
1521775,92769,809509E00,2AA1D2127A0,2,0,2
1524532,89017,82E7ACBC0,2AA1FCF7880,2,0,2
1527162,115409,802B85050,2AA1CD28D40,2,0,2
1528606,57928,83EA38340,2AA202EBF70,2,0,2
1531206,84255,83461BA20,2AA1DC35D30,2,0,2
1537188,17581,8046E1D90,2AA1E252C50,2,0,2
1537302,85529,80DDC7BB0,2AA1EF6A860,2,0,2
1538562,45096,82B5309E0,2AA1D767B50,2,0,2
1544321,115307,83270AF10,2AA1EC5B170,2,0,2
1544824,26072,805E5E190,2AA1EF05230,2,0,2
1566626,89856,82D855070,2AA1D005A00,2,0,2
1567336,91319,82EA54F20,2AA1D1EB8E0,2,0,2
1570082,77492,82CBDF0D0,2AA1ECBE0D0,2,0,2
1570096,84395,8013F64D0,2AA1CB022C0,2,0,2
1570997,46720,8147C81B0,2AA1F423CD0,2,0,2
1572260,13845,800160570,2AA1E0DE6A0,2,0,2
1574139,101517,8308C46D0,2AA1FD63980,2,0,2
1574755,37374,82331D9E0,2AA1F8C4D60,2,0,2
1575085,40423,8087259B0,2AA1E2BCD70,2,0,2
1578930,109091,82D0E47F0,2AA1FBDD5F0,2,0,2
1579997,101323,8004D8070,2AA1CB198E0,2,0,2
1580046,27742,824C2C180,2AA1F94CE00,2,0,2
1584362,49526,841B6D7A0,2AA1DD84170,2,0,2
1588179,57751,832802BF0,2AA1D80B090,2,0,2
1590600,114823,8037EAE60,2AA1E4E10B0,2,0,2
1596186,112037,8298A1200,2AA1FAD14B0,2,0,2
1597623,108907,8055E8F60,2AA206DA3B0,2,0,2
1598635,42852,8184F3360,2AA1F641E50,2,0,2
1600261,13845,800162100,2AA1E2A3B10,2,0,2
1605875,75134,8044A1100,2AA1D094DE0,2,0,2
1623024,41489,800978650,2AA203F8B10,2,0,2
1624646,22477,80D27DC60,2AA1D4F1A90,2,0,2
1627581,52541,813C647D0,2AA1D4D5B70,2,0,2
1632528,40782,8075875B0,2AA1E4B60B0,2,0,2
1655302,65383,83BE60920,2AA1CF33F80,2,0,2
1660886,44192,80709ACB0,2AA1E708BF0,2,0,2
1663419,7893,81BFD3AA0,2AA1D8206B0,2,0,2
1664298,6742,80F1C2B00,2AA204F4050,2,0,2
1670760,62425,80DDDF540,2AA1EFABE80,2,0,2
1681926,39913,825ABEFE0,2AA1F1E5280,2,0,2
1682932,29162,84EC3CDE1,2AA1D8C69D0,2,0,2
1692445,76000,80026CED0,2AA1EBADD10,2,0,2
1694537,26072,8009E74F0,2AA1EF02950,2,0,2
1703669,16121,80244D9D0,2AA1E11F8B0,2,0,2
1713575,83645,82722A750,2AA1EA52310,2,0,2
1714372,10132,849F42790,2AA1D1A3EC0,2,0,2
1714541,12072,80F8FE440,2AA1E9BBB10,2,0,2
1720842,29452,834A46ED0,2AA1FECBB10,2,0,2
1722874,80188,803EDE4C0,2AA1CEF4A00,2,0,2
1726733,1628,81CCDDD30,2AA1D4723B0,2,0,2
1767994,18607,818811F70,2AA1D7E7AD0,2,0,2
1776282,3170,83CEEC940,2AA2032E700,2,0,2
1776285,57560,82625FB40,2AA1FA4FD50,2,0,2
1782973,97845,850526ED0,2AA1CE59940,2,0,2
1788809,99713,83753AB90,2AA1FFD2560,2,0,2
1789598,16872,82A586DE0,2AA1D131100,2,0,2
1792117,115064,84BCCEAE0,2AA206EBBB0,2,0,2
1792318,37218,828F12090,2AA1E5B7DB0,2,0,2
1794108,1266,81A1A26D0,2AA1F611350,2,0,2
1795550,74075,8001EE040,2AA1EABEEB0,2,0,2
1795759,27742,8231A2DF0,2AA1F94AC40,2,0,2
1802095,15634,80055E900,2AA1E16E490,2,0,2
1804679,16610,81127E110,2AA1E1ADCD0,2,0,2
1806932,4671,8050EEDD0,2AA1EFB3A60,2,0,2
1813021,94566,8060A8760,2AA205C6EE0,2,0,2
1818493,49671,824B28C20,2AA1D5D2510,2,0,2
1827199,107833,84546A370,2AA2051FA70,2,0,2
1834072,11200,8104BE6B0,2AA1F0F5F40,2,0,2
1834423,97716,817BF0480,2AA1F54BEE0,2,0,2
1834693,50630,80D257140,2AA1F00EC20,2,0,2
1843943,80845,80FFF9D50,2AA1F1687A0,2,0,2
1858935,46782,800B51470,2AA2057ABA0,2,0,2
1865627,91845,84D69F110,2AA1EE05BF0,2,0,2
1866309,55045,80C2B5D40,2AA1EA57150,2,0,2
1871704,14460,84C84B320,2AA1DDE1150,2,0,2
1877834,67206,8208C46A0,2AA1D64A170,2,0,2
1884898,96206,80DF7F070,2AA1EFFBE40,2,0,2
1885246,32433,80D493250,2AA1F0F85A0,2,0,2
1890781,16121,80C756040,2AA1E122550,2,0,2
1890899,43397,82E590760,2AA1FD37E80,2,0,2
1890961,97142,8182E2BF0,2AA1F5ADE20,2,0,2
1896741,57548,80025E510,2AA1E27B1F0,2,0,2
1897504,16121,800651BC0,2AA1E11C1F0,2,0,2
1898409,88755,83BE03CA0,2AA1F2D18A0,2,0,2
1902889,25226,83890BB10,2AA1EDBCF10,2,0,2
1906682,27723,80A6C7E30,2AA1E84CC70,2,0,2
1914531,57548,8002DF460,2AA1E130E10,2,0,2
1917767,78804,84606B600,2AA2039CD70,2,0,2
1919292,26937,800E14310,2AA1E666A30,2,0,2
1919308,53716,802259990,2AA1E3EABD0,2,0,2
1920482,105558,8146F5940,2AA1F39C250,2,0,2
1924881,74916,800367040,2AA1CAD61C0,2,0,2
1926112,51807,833F75980,2AA1FE83EC0,2,0,2
1926878,108488,810EEA240,2AA1D68D250,2,0,2
1932020,48452,8474AD2D0,2AA204AD790,2,0,2
1941055,95156,82C5173A0,2AA1DD3AF50,2,0,2
1948269,102368,802563330,2AA20488A30,2,0,2
1948621,87860,809156280,2AA1CD930E0,2,0,2
1950637,96875,812113F70,2AA1CFDA1A0,2,0,2
1956630,112400,80BCEC940,2AA1D1ABA00,2,0,2
1966105,32973,85004BE21,2AA1D8AEFB0,2,0,2
1974475,38291,850AA6BE1,2AA1DF05E90,2,0,2
1988315,101594,824EFB410,2AA1F8D05A0,2,0,2
2000890,85402,80207AAE0,2AA2055CDD0,2,0,2
2000927,18992,8001FACF0,2AA1EBF1F90,2,0,2
2006152,57548,800551180,2AA1E131770,2,0,2
2017814,75504,813FF5850,2AA1E9A99F0,2,0,2
2019417,104376,80FFDDFE0,2AA1F201140,2,0,2
2021840,46133,849C7B460,2AA205F4E40,2,0,2
2022089,19987,8453A96A0,2AA2042D990,2,0,2
2035304,78303,82BEB6570,2AA1FC3DC70,2,0,2
2036765,23444,8001D91E0,2AA20473DB0,2,0,2
2061876,36931,84EB150E0,2AA1EB0B550,2,0,2
2066523,12172,8025EC980,2AA1E3AC2D0,2,0,2
2070938,14240,84A126F50,2AA20628540,2,0,2
2080371,65687,839C0FD20,2AA1D811F70,2,0,2
2082860,77776,81AB44A10,2AA1D599230,2,0,2
575,26352,817F3F000,2AA1F5FF930,1,1,2
786,119396,80FE93EC0,2AA1F387720,1,1,2
932,20669,80D03BFE0,2AA1F0C5500,1,1,2
936,34357,80A2BACE0,2AA1E7621F0,1,1,2
984,19477,8005D6CF0,2AA20626900,1,1,2
1147,86604,801BF0B20,2AA20832920,1,1,2
1519,16638,8023BF800,2AA1EED8A20,1,1,2
1836,1509,800D006C0,2AA1E105700,1,1,2
1890,30584,8152D1350,2AA1CAFC5A0,1,1,2
2068,103898,807B9DE00,2AA20791C60,1,1,2
2143,99490,80B6F4D10,2AA2067AB00,1,1,2
2418,74075,8002803E0,2AA1E4B6FB0,1,1,2
3284,18988,810CDA6B0,2AA1F23AE60,1,1,2
3299,106311,80379F530,2AA1CD63080,1,1,2
3871,74075,800180240,2AA1E0F6140,1,1,2
4066,76000,80068B170,2AA1E13C170,1,1,2
5227,52161,828377510,2AA1DD11830,1,1,2
5946,105337,801F9F360,2AA1E39AC90,1,1,2
5973,97335,802B349E0,2AA1E408EB0,1,1,2
6637,86494,813F76A10,2AA1F46A280,1,1,2
7071,97994,812C51B80,2AA2069B780,1,1,2
7974,98172,819B002E0,2AA1E837BB0,1,1,2
8013,103898,801C1DBE0,2AA1CB676A0,1,1,2
8162,116464,804B1CB10,2AA1EA30650,1,1,2
8311,97845,803C4B3B0,2AA1CE53B20,1,1,2
8630,59195,80142E080,2AA202FB070,1,1,2
9085,51558,8069AE870,2AA1EAEA030,1,1,2
9369,97845,804ACB2B0,2AA204F1750,1,1,2
9493,39970,81CAEE4D0,2AA207FE140,1,1,2
9536,113629,8029FEAE0,2AA206114C0,1,1,2
9571,91211,8051C4560,2AA1E574970,1,1,2
10145,85402,801B80A00,2AA2080C0A0,1,1,2
10309,55100,80A6C2320,2AA1E43B4D0,1,1,2
11119,16121,801525470,2AA1EA540D0,1,1,2
11418,94787,8207B5F30,2AA1D060E80,1,1,2
11681,55838,814A63D70,2AA1F3AADB0,1,1,2
12329,1509,800080B20,2AA1E100EA0,1,1,2
12416,10757,8143AA2C0,2AA1F4DF3A0,1,1,2
12446,10450,818B52DC0,2AA1F5B8C00,1,1,2
13310,44293,80AEB8910,2AA1EF27270,1,1,2
13834,74236,80BB07F20,2AA20191DA0,1,1,2
14175,61676,80A3349F0,2AA1E5C4CB0,1,1,2
14219,88809,81C463000,2AA204F9DF0,1,1,2
14337,62425,80A5B9DA0,2AA1F112920,1,1,2
14526,121716,81B538950,2AA1F853AE0,1,1,2
14838,88387,804F1A3A0,2AA1D16BE80,1,1,2
15569,79728,81BC7B560,2AA20644DC0,1,1,2
15621,63852,8012F2B70,2AA20841E70,1,1,2
15627,79817,825669770,2AA1FA81BD0,1,1,2
15750,84843,8125D6590,2AA1E51E410,1,1,2
16231,27717,801287B10,2AA2059E880,1,1,2
16422,104698,8071BD140,2AA202FC670,1,1,2
16627,80293,80EB15900,2AA206E0990,1,1,2
17159,50167,81017D800,2AA1F37F420,1,1,2
17772,74943,8031BF820,2AA1E91FAD0,1,1,2
18003,85529,80F6989D0,2AA1EF6BBE0,1,1,2
18404,86347,818495A30,2AA1D373ED0,1,1,2
18565,12436,811A29560,2AA1F291F40,1,1,2
19793,97333,802E3FD10,2AA1CDF8B60,1,1,2
19922,31532,800F273B0,2AA1E1C30F0,1,1,2
20253,111326,800EBD600,2AA1CB58B60,1,1,2
20288,26072,80AD01E90,2AA1EF33CE0,1,1,2
20563,1005,8104EFED0,2AA1D6E1950,1,1,2
20804,75859,8024DD090,2AA206B41B0,1,1,2
21071,17783,8084A3950,2AA1E69E190,1,1,2
21076,92165,820FBED50,2AA1D660CD0,1,1,2
21178,31433,80694B370,2AA1EAC3870,1,1,2
21229,82248,81A841400,2AA1EE534D0,1,1,2
22126,87597,809AA2BE0,2AA20699780,1,1,2
22456,42301,8113FF730,2AA1EF21E70,1,1,2
22778,24486,81AA16800,2AA206E8530,1,1,2
23045,36572,8165A4640,2AA1CE996C0,1,1,2
23377,116697,80262B090,2AA1CDD0320,1,1,2
23552,110246,8037BA2C0,2AA1E1A6E30,1,1,2
23724,114953,807110270,2AA1EEAAA00,1,1,2
23833,96769,80A071280,2AA1D13F860,1,1,2
24121,46578,81AE391D0,2AA1F6AB570,1,1,2
24169,48841,8195815E0,2AA1F54ED80,1,1,2
24513,89187,8027288B0,2AA207CC020,1,1,2
26285,13845,801601970,2AA1E0EADE0,1,1,2
26504,57548,800CABBB0,2AA1EA046B0,1,1,2
26654,110120,8033ABC60,2AA20678620,1,1,2
26880,79682,808B41790,2AA1E8953F0,1,1,2
27528,82949,82287B4B0,2AA1F8FEF20,1,1,2
27652,85213,800C21E50,2AA1E2083D0,1,1,2
28298,21225,80AB87470,2AA1E7E46B0,1,1,2
28465,98306,817972EA0,2AA2058CF40,1,1,2
28936,47759,82A986A10,2AA20501650,1,1,2
29169,74314,8137052D0,2AA1EFA0820,1,1,2
29345,10918,8244A5880,2AA1FA6EC30,1,1,2
29863,22428,813328C00,2AA1CBC4960,1,1,2
30484,27717,800B87510,2AA1CABC860,1,1,2
30513,40479,81B89CC20,2AA1F32CC20,1,1,2
30953,97620,80B5F3F90,2AA1EDC1B50,1,1,2
31911,99490,808775080,2AA1CDF2BA0,1,1,2
32211,84843,8177575D0,2AA1E89A090,1,1,2
32516,34411,80A9391A0,2AA1E888BF0,1,1,2
33071,55279,816A34520,2AA1D2EF630,1,1,2
34127,72821,8080EE440,2AA1E234F30,1,1,2
34776,108940,80C6FE760,2AA1E773E50,1,1,2
34831,97716,822882170,2AA20306B90,1,1,2
35153,64185,80852D1C0,2AA1E83DD70,1,1,2
36176,97335,8106B6FC0,2AA1E40C030,1,1,2
36398,74075,800202580,2AA1E936DD0,1,1,2
36533,78590,800502E20,2AA202C7FB0,1,1,2
37067,60773,80E1B35A0,2AA1F19DAE0,1,1,2
37256,37433,80034A7D0,2AA20775E40,1,1,2
37824,89761,8200B2150,2AA1D124880,1,1,2
37951,103908,823462D70,2AA1F983C00,1,1,2
38208,59302,802C95530,2AA1EAAE7B0,1,1,2
38365,44192,8070FD450,2AA1E5BE2D0,1,1,2
38454,45016,80150B6F0,2AA20811E40,1,1,2
38632,106480,817ED4710,2AA1F6804F0,1,1,2
38705,87558,82BE5B9A0,2AA1FB33AD0,1,1,2
38759,74225,822C63430,2AA1F8F6260,1,1,2
39982,42348,80E3536F0,2AA207D59E0,1,1,2
40122,34045,815C40810,2AA1E4DEFF0,1,1,2
40126,91319,808B36990,2AA1D1E7F80,1,1,2
40242,103661,80F6C18B0,2AA1EF715A0,1,1,2
40570,54327,812272300,2AA2076CF80,1,1,2
40667,48575,803CDB690,2AA1CE7FE60,1,1,2
40815,44535,816F15940,2AA1F550400,1,1,2
40843,85640,80226C340,2AA1E22B0D0,1,1,2
41270,78135,81AF81030,2AA2067A7A0,1,1,2
41486,79138,81D8DAFF0,2AA2075D280,1,1,2
41581,113446,8001A4C00,2AA1E1258D0,1,1,2
42393,49341,80177B6C0,2AA1CC6BFE0,1,1,2
42467,16121,800127760,2AA1ED86450,1,1,2
42588,18580,805476570,2AA1CF1FF60,1,1,2
42710,2838,81A9DF210,2AA1DA2C010,1,1,2
42875,83739,814E73E40,2AA205BB9E0,1,1,2
43136,17581,8046BD480,2AA1E252BF0,1,1,2
43354,83089,80BC2B6C0,2AA1E18A5D0,1,1,2
43899,73796,80EAD8E50,2AA2031AE00,1,1,2
44222,26072,800082120,2AA1EF021D0,1,1,2
45581,17365,804170010,2AA2053F550,1,1,2
45642,32192,80BF63920,2AA203FB3F0,1,1,2
45822,74047,81317EC50,2AA1F3CBBD0,1,1,2
46113,103898,80EB1F190,2AA1CB6CC80,1,1,2
46282,32192,8010639C0,2AA206566E0,1,1,2
46451,71821,81598BAF0,2AA205C7CE0,1,1,2
46743,67144,8048ABE30,2AA1CC36040,1,1,2
46863,18992,81D482850,2AA1EA63890,1,1,2
46947,8608,81CBEC6E0,2AA1D555450,1,1,2
47110,52147,81C22FA10,2AA1F772AF0,1,1,2
47538,85764,8004CFF00,2AA1E6A39D0,1,1,2
47895,10678,80A16D960,2AA1ED6FB30,1,1,2
48220,117680,820CA7330,2AA2072DC00,1,1,2
48244,116910,802CD7130,2AA1CE35680,1,1,2
48343,79777,81DCBFAD0,2AA1F808F40,1,1,2
48499,75859,8030DF400,2AA207A0C20,1,1,2
48812,86604,801473A50,2AA2073D240,1,1,2
49682,21059,8140CDF30,2AA1EE8BBE0,1,1,2
50001,121086,822DA0400,2AA1F9E7840,1,1,2
50408,76452,80F924C60,2AA20434C30,1,1,2
51875,53890,814B42350,2AA1F4E4EE0,1,1,2
52346,95730,816F87250,2AA1FD7F8B0,1,1,2
53185,101323,80D7BB990,2AA2081C440,1,1,2
53294,62418,813381FB0,2AA1F226120,1,1,2
53329,107726,804DF45B0,2AA1E4228B0,1,1,2
53774,112454,84CDB7E20,2AA1D925890,1,1,2
53779,36747,81699F620,2AA1CFD2D40,1,1,2
53815,81566,8004C8130,2AA1E89B830,1,1,2
53828,73089,818436730,2AA1F65B150,1,1,2
54770,55374,82FCD0F30,2AA1FCAE340,1,1,2
54983,110310,848896160,2AA205B0300,1,1,2
55010,45158,81CAD2060,2AA1D1756E0,1,1,2
55219,27717,800385D90,2AA1CAB9DA0,1,1,2
55499,106480,8167D57E0,2AA1F5A2860,1,1,2
56397,100371,811E1E630,2AA204DD7B0,1,1,2
56726,44192,81D4FC980,2AA1E5C05B0,1,1,2
56785,35338,809EC2B10,2AA1E211750,1,1,2
56955,55624,803A700C0,2AA2059C440,1,1,2
57665,26743,816D835F0,2AA1F67CCF0,1,1,2
58287,58151,81018BD10,2AA1F1417E0,1,1,2
58791,62331,8023CC210,2AA1E48FC30,1,1,2
59092,18516,80765AD60,2AA1E775FD0,1,1,2
59143,79956,8054E4F70,2AA2082CC00,1,1,2
59483,462,81A9284C0,2AA1F23F280,1,1,2
59881,42508,819BDC020,2AA206D8E30,1,1,2
59910,116285,806389F20,2AA1E369D70,1,1,2
60226,52164,8204919F0,2AA1E81C270,1,1,2
60359,74075,806B03A10,2AA1F37EEE0,1,1,2
60616,67110,845A06050,2AA20479710,1,1,2
60753,71794,809FDFF70,2AA1EFBF2C0,1,1,2
60854,20308,81C37AE10,2AA1EC9D210,1,1,2
60923,96769,80C373920,2AA205A4620,1,1,2
60957,58210,8006CEF30,2AA1EDA5FB0,1,1,2
61323,43200,80D0A9600,2AA1EA1F1F0,1,1,2
61446,85402,804E83CA0,2AA205F59E0,1,1,2
61592,85402,800403CD0,2AA207C6A80,1,1,2
61810,66985,80DDF4100,2AA1F148300,1,1,2
61883,46782,801F23610,2AA1CB8DC20,1,1,2
61975,56107,81465BEB0,2AA1F503980,1,1,2
62599,85015,80DCA3050,2AA1F046AE0,1,1,2
62693,64457,801E0D470,2AA206262A0,1,1,2
62709,59124,80C6F87F0,2AA1E3A13D0,1,1,2
63495,3142,813CBFAC0,2AA1EC62E70,1,1,2
63727,119396,8128100F0,2AA1F3EB8F0,1,1,2
64086,111626,806EDD0C0,2AA1CD4C2E0,1,1,2
64109,57959,80F8C75D0,2AA1F305540,1,1,2
64584,85853,81E0131C0,2AA1F17E460,1,1,2
64598,44868,80FE44440,2AA207BFCC0,1,1,2
64887,44293,80DB3C410,2AA1EF0FAF0,1,1,2
65046,117118,817DD5EB0,2AA1F5A8880,1,1,2
65958,27717,804202A10,2AA1CAC12A0,1,1,2
66089,11211,8085C2640,2AA1E249810,1,1,2
66551,37762,811BDE630,2AA1E7788B0,1,1,2
66563,41907,801F07930,2AA207D2720,1,1,2
66664,104344,8207B0040,2AA1CDA63E0,1,1,2
66682,87597,805927FD0,2AA20813180,1,1,2
67311,45703,80B0E24E0,2AA1E5D25D0,1,1,2
67692,72789,81807F940,2AA1F63B970,1,1,2
67731,78135,815687A40,2AA1D899C90,1,1,2
67784,107879,81496C250,2AA1F49B280,1,1,2
67936,381,813785500,2AA1F396670,1,1,2
68095,54327,801674820,2AA205243B0,1,1,2
68553,82630,80B019C90,2AA1CFDF4A0,1,1,2
68723,62820,80BC89440,2AA2056D540,1,1,2
69244,22428,801EAD5C0,2AA1CBBF800,1,1,2
69560,27823,803C4EF10,2AA20691A80,1,1,2
71272,105337,80191B0C0,2AA1ED20AB0,1,1,2
71579,65544,81401A790,2AA205CFA80,1,1,2
71853,59338,800B193D0,2AA207DB060,1,1,2
72308,65706,8042F7240,2AA1CDE1EE0,1,1,2
73186,33748,80F440CA0,2AA1F0AF440,1,1,2
73388,87962,80667DDD0,2AA1E5A1890,1,1,2
73621,87957,814167590,2AA1F3B1610,1,1,2
73700,29105,808FC47A0,2AA1D221F20,1,1,2
74040,104262,81AB51D80,2AA20522370,1,1,2
74146,70979,808FE9D10,2AA1E7E0A90,1,1,2
74383,117456,81769B5D0,2AA1E36AC70,1,1,2
74866,13076,806DBA9D0,2AA1EE12D90,1,1,2
75144,52013,814948F10,2AA1F500B60,1,1,2
75216,58839,81B86A6A0,2AA1F049D80,1,1,2
75251,29841,8164B37A0,2AA1D41CB30,1,1,2
75421,16413,81156C6D0,2AA2032DF50,1,1,2
75446,81566,8004CFE60,2AA1E626F10,1,1,2
75676,51489,8145C3B90,2AA1F3F9C70,1,1,2
76110,65782,8139EF980,2AA1D64FF70,1,1,2
76424,59451,8048814D0,2AA1E546D10,1,1,2
77131,29522,81A8ED900,2AA1D8FE390,1,1,2
78150,1987,8083D3910,2AA2063F8E0,1,1,2
78329,23727,8051798C0,2AA204441D0,1,1,2
78402,82597,81648A250,2AA1F59C6C0,1,1,2
78407,95199,807510450,2AA1E46BE70,1,1,2
79105,90833,804C7B500,2AA2054C2D0,1,1,2
79242,79504,804A4B620,2AA1E3176F0,1,1,2
79391,107633,818420D40,2AA1F5EAE00,1,1,2
79461,46307,8087621D0,2AA1D11AEA0,1,1,2
79807,78590,8006044B0,2AA202DD3B0,1,1,2
79842,89856,805EB1EC0,2AA204102F0,1,1,2
80231,81566,80024FB20,2AA1E120450,1,1,2
80591,39282,81069F580,2AA2077BB00,1,1,2
80646,85402,800E04F90,2AA2063A320,1,1,2
81084,85402,800805000,2AA2019EC40,1,1,2
81258,85363,81F7759A0,2AA1E7449F0,1,1,2
81687,91213,804537010,2AA206F4DB0,1,1,2
81735,90321,81A737320,2AA1E2F4670,1,1,2
82447,63852,801477550,2AA20519830,1,1,2
83205,32601,812EC1090,2AA1E4F4670,1,1,2
83255,74075,814C053A0,2AA1F396DF0,1,1,2
83715,10450,816FD7310,2AA1F5F5550,1,1,2
83896,115439,80F0761C0,2AA1F0F4020,1,1,2
84039,85853,80E995CE0,2AA1F0EF620,1,1,2
84183,14494,80C491080,2AA1E286F90,1,1,2
84628,66332,805264A70,2AA1CC3FDE0,1,1,2
85182,108177,816FFB010,2AA1E9BB1B0,1,1,2
85655,60874,81FEDD890,2AA1EC81F50,1,1,2
86065,81241,8112D89F0,2AA207F7440,1,1,2
86073,107581,8179D13F0,2AA1F1DC040,1,1,2
86144,30584,801054780,2AA1CAF48C0,1,1,2
86533,87649,8169059F0,2AA1F65CAD0,1,1,2
87268,53315,8132C4DA0,2AA1F389220,1,1,2
88359,62789,814B56C30,2AA1F386EE0,1,1,2
88780,8534,828D8BFA0,2AA1E803D10,1,1,2
88971,102541,81849E060,2AA20680F00,1,1,2
89393,18992,800405E40,2AA1ECF1DF0,1,1,2
89587,23154,80DCA0EF0,2AA1F062840,1,1,2
89974,80030,84F4BF260,2AA1F133060,1,1,2
90262,76000,80040EBA0,2AA1E13BC30,1,1,2
90403,79056,800285CC0,2AA1E10F6F0,1,1,2
90983,41907,81A406150,2AA1CCE7E40,1,1,2
91202,58448,80D56CE10,2AA1F0153C0,1,1,2
91211,27717,800503110,2AA206EFE10,1,1,2
91395,5473,802F86140,2AA2081D6C0,1,1,2
91432,58946,833173350,2AA1FE5AF70,1,1,2
92061,74075,812805B70,2AA1F3F6550,1,1,2
92249,46517,80EA26720,2AA2041F230,1,1,2
92578,85402,800485B70,2AA2072C400,1,1,2
92642,118102,82FD47300,2AA1FCAE0A0,1,1,2
92666,60773,80D5B4A80,2AA1F089080,1,1,2
93016,30584,800454950,2AA20798F60,1,1,2
93055,91196,810F79D60,2AA204FC690,1,1,2
93773,66332,80BFE4590,2AA1CC41880,1,1,2
94588,80616,804089170,2AA202AB610,1,1,2
94619,103661,80D8C6280,2AA1F180820,1,1,2
94994,64746,802510C50,2AA1E3025D0,1,1,2
95118,37433,80044DEF0,2AA1CAC8E20,1,1,2
95193,24759,803D70010,2AA206EAFF0,1,1,2
95221,98529,814188D10,2AA1F4CC040,1,1,2
95299,54162,80B462030,2AA1E890A30,1,1,2
95439,1509,805F85950,2AA1E29C890,1,1,2
96104,34838,800659BF0,2AA207E2DE0,1,1,2
96119,26915,80C153E70,2AA1E77DF90,1,1,2
96151,98546,812FACE00,2AA1E4300F0,1,1,2
96462,116508,8244DCA40,2AA1DC74310,1,1,2
96788,85764,800BC8FA0,2AA1EDDDBD0,1,1,2
96789,108711,80B245520,2AA2076B9C0,1,1,2
96828,104288,80FFFB4A0,2AA1F257660,1,1,2
97223,116697,802D2C780,2AA1CDD0920,1,1,2
97272,15858,80482AD10,2AA1E5366F0,1,1,2
97725,91213,800534000,2AA207DBA20,1,1,2
98569,22428,800FAF0D0,2AA1CBBD880,1,1,2
99286,100376,80AAF9390,2AA1D326E10,1,1,2
99342,30708,803A1C220,2AA1E501690,1,1,2
99975,19703,8160784C0,2AA1F585BA0,1,1,2
100212,59195,80D7A8B00,2AA2048E890,1,1,2
100415,51489,8136C1230,2AA1F3F8E90,1,1,2
101580,17581,801439A50,2AA1EC2A2F0,1,1,2
101869,114514,80E05FDA0,2AA1F376FD0,1,1,2
102103,72624,80AE23350,2AA1EF72380,1,1,2
102347,94068,805773D90,2AA2082F160,1,1,2
102604,16898,810B273D0,2AA1F148FC0,1,1,2
102774,34401,8024300F0,2AA1CC80600,1,1,2
102937,62425,80AF3F620,2AA1EF1C5F0,1,1,2
103080,104262,80C053140,2AA1D21D7C0,1,1,2
103562,16638,80BDB9FC0,2AA1ED0B6B0,1,1,2
103721,23444,800B23A60,2AA20774EE0,1,1,2
103759,67144,8016AF660,2AA1CC33160,1,1,2
104038,26743,81B586BB0,2AA1F7C8C50,1,1,2
104102,76125,821B93B40,2AA2060FA20,1,1,2
104121,109952,80E342E40,2AA1E5C2A10,1,1,2
104213,15634,8068B67D0,2AA1E173C50,1,1,2
104267,1628,817A32660,2AA20843BF0,1,1,2
105161,50630,80D921150,2AA1EF6B2E0,1,1,2
105235,40719,81797DDE0,2AA207A9C00,1,1,2
105832,16872,80F7EDE70,2AA205E9160,1,1,2
106023,68135,806444610,2AA1E56AE50,1,1,2
106107,49864,811899130,2AA1F050360,1,1,2
106108,30584,8007D7A30,2AA206E68D0,1,1,2
106329,32192,8068E7CE0,2AA20547C70,1,1,2
106576,52333,80F904020,2AA1EA6A050,1,1,2
106972,87649,80DA86500,2AA1F018600,1,1,2
107082,108940,80B87ACA0,2AA1E4F2210,1,1,2
107489,19845,81617A600,2AA1F57A580,1,1,2
107588,62571,80BB8C420,2AA1EEE5C60,1,1,2
107816,75900,804CDB750,2AA1D0A83A0,1,1,2
107866,100292,802B3C560,2AA1E384730,1,1,2
107867,26937,801B673E0,2AA1E1D51F0,1,1,2
108117,42348,816757B20,2AA1D2B7C40,1,1,2
109661,82273,8036013B0,2AA1EACE450,1,1,2
110078,114632,81235D390,2AA205082B0,1,1,2
111265,74075,803086F00,2AA1EC5E1B0,1,1,2
111307,122269,8053A7BC0,2AA1CD9A360,1,1,2
112255,113446,800920BB0,2AA1E1284B0,1,1,2
112344,4590,80C201A40,2AA1F02D3E0,1,1,2
112770,14309,80E619E30,2AA1F332AF0,1,1,2
113264,20669,80F93D0A0,2AA1F0C74E0,1,1,2
113313,96620,839ABDBB0,2AA208035E0,1,1,2
113525,64746,804A13E60,2AA1E3038F0,1,1,2
113619,95288,8139FA380,2AA1E6AB270,1,1,2
114364,85402,8015070C0,2AA2049D610,1,1,2
114710,83089,81192ED10,2AA1E6AC290,1,1,2
114829,87649,805E07DB0,2AA1EF66CC0,1,1,2
115024,12582,818728960,2AA204B9ED0,1,1,2
115144,25696,822C87480,2AA20306B90,1,1,2
115327,41489,802F9C030,2AA2023B8D0,1,1,2
115797,16413,80DC6FEA0,2AA201AB9A0,1,1,2
116368,117639,80B04E330,2AA1E2DA370,1,1,2
116463,17091,80F00BFD0,2AA1EFF8B40,1,1,2
116701,102195,810008D90,2AA1F04D7C0,1,1,2
116830,18992,800087530,2AA1EF02350,1,1,2
118042,103661,80B6C4B60,2AA1F071C60,1,1,2
118464,46031,812492450,2AA1EAA3B10,1,1,2
118636,121876,81E5F3080,2AA1EB57470,1,1,2
119480,57176,812C9E7D0,2AA1CF98120,1,1,2
119679,113597,80B715C10,2AA1E2A7350,1,1,2
119914,67144,803FAE640,2AA20309710,1,1,2
121478,81792,8037732C0,2AA20836730,1,1,2
121630,34541,803D83D60,2AA2071AC90,1,1,2
122234,97716,816307B70,2AA1F53BC90,1,1,2
122529,30864,812187730,2AA1E76AE10,1,1,2
122790,104344,804AB3970,2AA1CDA28A0,1,1,2
123368,40431,81B300F00,2AA207461C0,1,1,2
123470,81280,80EE2CD10,2AA1CDDBF20,1,1,2
123802,1509,800507EF0,2AA1E812750,1,1,2
123869,82584,8221D3A00,2AA207D4180,1,1,2
123926,97510,8207AAF90,2AA20655840,1,1,2
124488,66326,81CEA7CA0,2AA1F6B8940,1,1,2
124507,112191,822A9DD20,2AA1F242CC0,1,1,2
124726,119123,80B1980E0,2AA1E2445D0,1,1,2
124936,1509,800107C10,2AA1E100F00,1,1,2
125257,83110,8131B70F0,2AA20580620,1,1,2
125434,4671,800087A90,2AA1EF02470,1,1,2
125673,26817,80710C350,2AA1ED5C350,1,1,2
126316,113629,80E379FF0,2AA20683B60,1,1,2
126510,90553,810D1DF20,2AA1F23F880,1,1,2
126658,5473,801A047C0,2AA1CC91C80,1,1,2
126715,49929,80BF13B50,2AA1D0B6180,1,1,2
126783,92903,8004BEF60,2AA1CB267A0,1,1,2
126881,89187,81B5AED80,2AA20578360,1,1,2
126900,19231,80D433200,2AA1D1EE360,1,1,2
127127,100231,81D254BC0,2AA1E4F4EB0,1,1,2
127244,20399,81598D360,2AA206FE330,1,1,2
127271,46782,80B027660,2AA1CB92000,1,1,2
127996,23444,8003A2220,2AA1CAABC80,1,1,2
128116,104262,80FBD2AC0,2AA20663F00,1,1,2
129126,28590,807D806C0,2AA1E1A1530,1,1,2
129199,16121,8001A21D0,2AA1E132F10,1,1,2
129295,53716,807BABC70,2AA1EBE72D0,1,1,2
129968,12011,809E54D10,2AA1E946890,1,1,2
130160,15392,80ECE5E40,2AA1D3A8290,1,1,2
130243,71772,81E34A260,2AA20555970,1,1,2
130720,59195,8014A68D0,2AA1CBD4F00,1,1,2
130742,58339,82BD7AC60,2AA1FBFE890,1,1,2
131195,85402,802188150,2AA2056E5E0,1,1,2
131546,82394,80A7439A0,2AA1ECC1E50,1,1,2
131965,112400,816A93400,2AA1D1ACF60,1,1,2
132121,3873,80BA83E30,2AA207ADE20,1,1,2
132182,93539,80DCAD8B0,2AA1F068680,1,1,2
132194,110626,8100817B0,2AA1D6BE590,1,1,2
132984,93220,804E5FA80,2AA1EE6F380,1,1,2
133343,74510,80AC49E50,2AA1D4791D0,1,1,2
133500,72669,8212BA000,2AA2083D850,1,1,2
134091,71891,81CE19010,2AA1D745570,1,1,2
134302,16458,8059326C0,2AA1D2017C0,1,1,2
135937,111326,8021B47D0,2AA1CB5B9E0,1,1,2
136224,82394,802BC3E20,2AA1E93CED0,1,1,2
136316,79056,8002883B0,2AA1CA80160,1,1,2
136606,78590,801A08C80,2AA208088E0,1,1,2
137018,16258,81C79CCE0,2AA1F778330,1,1,2
138163,57548,811722980,2AA1EDAEA30,1,1,2
138525,66985,80E5FF460,2AA1F2EBB80,1,1,2
138659,1509,800188F80,2AA1E5A8510,1,1,2
139242,52448,8019A6690,2AA1E1EF350,1,1,2
140265,101323,808E30700,2AA1CB21E60,1,1,2
140543,37433,801AC0950,2AA2084CAD0,1,1,2
141109,77605,807B550E0,2AA207A8740,1,1,2
141391,109688,806F1AA20,2AA1E2E0450,1,1,2
141974,858,803F80B30,2AA1CCFF060,1,1,2
142599,26072,8018886D0,2AA1F0E4AC0,1,1,2
142755,97620,80A27AD70,2AA1E528230,1,1,2
143184,72387,8155CED50,2AA1F3FF6F0,1,1,2
143620,122269,816129B30,2AA1CD9D3C0,1,1,2
143653,381,813209B40,2AA1F3876C0,1,1,2
143695,52982,801B67F50,2AA1E97A630,1,1,2
143944,40423,8060CDC90,2AA1E466690,1,1,2
144026,82574,811FA00A0,2AA1FF70210,1,1,2
144429,18990,81B50BE00,2AA1F6D2970,1,1,2
144858,97845,82CA435F0,2AA2013B8F0,1,1,2
145137,104402,80A234A30,2AA1D4361B0,1,1,2
145242,87649,800088250,2AA1EF19BF0,1,1,2
145351,92903,8004B1D70,2AA2084CE90,1,1,2
145408,47527,80F3D0200,2AA1EF91C60,1,1,2
145520,22817,8283D9AA0,2AA1FAC6990,1,1,2
146029,112400,8099939A0,2AA1D1AB220,1,1,2
146676,51914,8101077C0,2AA1F1CB740,1,1,2
147186,27473,8037DAFC0,2AA1E4F66D0,1,1,2
147294,47216,80DBF6E60,2AA1EFC7320,1,1,2
147430,52541,81768EA80,2AA204A9DB0,1,1,2
147802,109688,801A9B060,2AA1E2DDDB0,1,1,2
148352,74916,8184981F0,2AA1FFC9EE0,1,1,2
148353,41589,809675570,2AA1FF93010,1,1,2
148385,28777,819BB7A80,2AA1E3E4550,1,1,2
149548,24617,80881E1A0,2AA1CB14220,1,1,2
149830,78590,800489970,2AA206BB070,1,1,2
150035,101323,801431EA0,2AA207CD1E0,1,1,2
150422,13991,803A9F780,2AA206C6610,1,1,2
150728,93539,817B2CED0,2AA1F06AF00,1,1,2
150839,94997,81EB639F0,2AA1E1E5370,1,1,2
152394,66985,81047EA00,2AA1EFD6060,1,1,2
152565,60827,8071095A0,2AA1CCD39A0,1,1,2
152865,97620,804AFB770,2AA1E5267F0,1,1,2
153355,82597,8165079F0,2AA1F690C70,1,1,2
153701,108907,8106006C0,2AA20803320,1,1,2
153883,98546,803A20670,2AA1E7C1D30,1,1,2
154265,45150,802ABF0D0,2AA1CDA9160,1,1,2
154600,73812,806CF45A0,2AA1CE11A00,1,1,2
154878,9085,8023AA9E0,2AA1E4027D0,1,1,2
155222,90157,81F4C3640,2AA1ED0B230,1,1,2
156365,47261,810F29750,2AA1F1745C0,1,1,2
157609,83924,80830CC00,2AA1E4F87D0,1,1,2
157622,51914,82B687C80,2AA1F03DDA0,1,1,2
157929,1509,800189C60,2AA1ECB92D0,1,1,2
158225,94068,801BFC320,2AA2024C590,1,1,2
158727,122145,8036DC9A0,2AA20599940,1,1,2
159516,19477,8030DF0F0,2AA1CB37B60,1,1,2
159727,98720,81E458E30,2AA1E79D7D0,1,1,2
159734,16707,816956330,2AA1D0B1600,1,1,2
160112,77073,8014D5810,2AA202F7070,1,1,2
160195,109032,80F3CCF20,2AA1D3B1E10,1,1,2
160323,97543,81384D640,2AA1F3D6390,1,1,2
160423,35997,81CA567E0,2AA1F1F6620,1,1,2
160613,34838,801F55B10,2AA2063BD20,1,1,2
161778,59150,80A9E1D30,2AA1EF79E40,1,1,2
161829,31532,80092FF40,2AA1EC663F0,1,1,2
161893,85764,8003C4F50,2AA1E2CDF10,1,1,2
162075,74043,8228E6980,2AA20168B10,1,1,2
162315,92165,81D4B6640,2AA20504AF0,1,1,2
164013,112157,80D6CA860,2AA1EFE3180,1,1,2
164200,105723,80B58D810,2AA20047E10,1,1,2
164218,34401,801B3C410,2AA205576D0,1,1,2
164219,63852,801A78590,2AA207E3A40,1,1,2
164896,116374,80C62FDC0,2AA1E641C70,1,1,2
165002,1855,80DAE79E0,2AA1F0675A0,1,1,2
165242,22428,80C823310,2AA2065D4A0,1,1,2
165252,74988,801498B10,2AA1E2EC0D0,1,1,2
165435,79056,80040A740,2AA1EC6CAD0,1,1,2
165697,62425,8074B3080,2AA1F341630,1,1,2
166883,34045,80FB48B90,2AA1E4DE870,1,1,2
167207,55640,80E9657E0,2AA1EFB4DE0,1,1,2
168502,63057,81093CE20,2AA1E9FA870,1,1,2
168551,85529,80AF13DB0,2AA1EF3DF00,1,1,2
169144,75735,814DD69D0,2AA1F387540,1,1,2
169331,117680,8060AFA00,2AA20138BB0,1,1,2
169560,68739,8036AD4B0,2AA1CDB1B80,1,1,2
169595,13076,8097346C0,2AA1EAC3E70,1,1,2
169646,106679,80995BE50,2AA1E3B1510,1,1,2
170427,40984,80FA42CA0,2AA1EF62E60,1,1,2
170597,40479,81DA175D0,2AA1F231900,1,1,2
170606,34838,805FD62D0,2AA1CB76DE0,1,1,2
170911,44293,80AE32C20,2AA1F369F70,1,1,2
171502,92903,8004B3B30,2AA204F5270,1,1,2
171781,85402,80048A8F0,2AA1CA9DB00,1,1,2
171782,78590,80080A2F0,2AA1CA74740,1,1,2
172343,34512,81AC9A910,2AA1F6C9350,1,1,2
172498,74075,80070A840,2AA1E92E610,1,1,2
172521,103898,800B175C0,2AA1CB64DC0,1,1,2
172698,32677,80911CDF0,2AA20825140,1,1,2
173006,113446,800A2CF40,2AA1E17F430,1,1,2
173165,31532,800AACA70,2AA1ECE5AB0,1,1,2
173272,72429,822407490,2AA205DFA10,1,1,2
174007,14304,812B5C340,2AA1F43DAF0,1,1,2
174067,27473,806959460,2AA1EE62ED0,1,1,2
174301,22246,8148C9290,2AA1F464BA0,1,1,2
174567,93264,8052BB450,2AA1E4F1A30,1,1,2
174596,23504,8075A3650,2AA1E3D4170,1,1,2
175293,31532,80372CC90,2AA1EEECE60,1,1,2
176039,98546,803EA3C40,2AA1E42EAD0,1,1,2
176197,32677,80419C960,2AA20706E70,1,1,2
176312,56730,8102DE500,2AA2069E2C0,1,1,2
176664,30266,8196370E0,2AA1F65BE10,1,1,2
177060,79461,80C173FC0,2AA1D4CB4B0,1,1,2
177223,92305,8012CB770,2AA1E5C7BB0,1,1,2
177939,104262,80705FBA0,2AA1D21C560,1,1,2
178015,48051,8139729C0,2AA207E4880,1,1,2
178044,27717,80058C440,2AA2059C740,1,1,2
178613,37379,80781F6D0,2AA202D8E50,1,1,2
179790,94832,809A199F0,2AA1E5F0B70,1,1,2
179865,41907,817188990,2AA206EC150,1,1,2
179987,79956,819C6C420,2AA1CD5EB60,1,1,2
180452,99955,80C1F1A20,2AA207B2520,1,1,2
180729,57820,806CFB360,2AA1E859AB0,1,1,2
180876,100292,8026B1D00,2AA1E96A810,1,1,2
180924,28414,821B98B10,2AA20786F40,1,1,2
181597,74043,8115644B0,2AA207B03A0,1,1,2
181881,105120,80E352670,2AA1D0F4420,1,1,2
181991,79056,80038B690,2AA1CA80940,1,1,2
182108,25237,8184359C0,2AA1F55F6C0,1,1,2
182239,116712,805F26AE0,2AA1ED54250,1,1,2
182408,58103,81C306510,2AA207CDCC0,1,1,2
182430,7470,80C9B7A90,2AA1E94DE90,1,1,2
182569,12145,817E28DB0,2AA1E1BF8F0,1,1,2
182691,66985,80E77CFD0,2AA1F148F60,1,1,2
182937,34512,81AE1B490,2AA1F6C9710,1,1,2
183007,31532,812DAD420,2AA1E1C7E90,1,1,2
183117,30584,8005DA6C0,2AA207E8A00,1,1,2
183500,85764,8009464A0,2AA1E15ADD0,1,1,2
184401,34838,802ED7080,2AA1CB755E0,1,1,2
184431,8592,848324790,2AA1F1D1D20,1,1,2
184533,25142,81A5BBC20,2AA1CC69AA0,1,1,2
185492,117113,80357AB00,2AA207AD500,1,1,2
185612,34383,81492B7A0,2AA1E4AF430,1,1,2
185822,74047,812F777D0,2AA1F4707A0,1,1,2
185962,104344,80ADBF770,2AA20583AA0,1,1,2
186587,115289,81DB97B10,2AA2002A610,1,1,2
187764,29318,80B912730,2AA1E327390,1,1,2
187819,97142,817A9ADC0,2AA1F5AD2E0,1,1,2
187878,40949,80541A6E0,2AA1EE96400,1,1,2
187934,46607,808803D60,2AA1D07CF40,1,1,2
188088,87957,812368410,2AA1F3FCA50,1,1,2
188202,23444,8031AE530,2AA20303370,1,1,2
188236,74075,80010B8B0,2AA1E0F57E0,1,1,2
188939,32260,80124DDE0,2AA1E2C0630,1,1,2
188946,94000,807AD2C60,2AA1D0F8FA0,1,1,2
189145,41489,800590BA0,2AA206D56B0,1,1,2
189168,76049,806BB1C20,2AA205DC580,1,1,2
189514,78590,800F8B070,2AA2056FC20,1,1,2
189715,7065,817DFD9A0,2AA1F563F40,1,1,2
190228,18992,80C20BD30,2AA1EF9F240,1,1,2
190397,25097,8097BEF50,2AA1E26C5D0,1,1,2
191117,34357,808DB1000,2AA1E761B90,1,1,2
191120,74075,80010BD80,2AA1E0F5CC0,1,1,2
191639,87951,804508100,2AA1D069BC0,1,1,2
191734,88809,816A682A0,2AA2076DFC0,1,1,2
192027,41489,81CD10D60,2AA204CB930,1,1,2
192055,23748,81DA882E0,2AA1F7207F0,1,1,2
192111,79056,80020B970,2AA205AF200,1,1,2
192412,34838,8025D7840,2AA20588560,1,1,2
192753,22562,8081CFD10,2AA1E7EF690,1,1,2
192991,119455,80031BE50,2AA1EEDD560,1,1,2
193135,94194,808FD4F70,2AA20683620,1,1,2
193226,111128,80E686B80,2AA1CE31220,1,1,2
193442,79703,80D407B30,2AA1D34DFD0,1,1,2
194036,13845,800C8BE40,2AA1E0E1760,1,1,2
194434,116592,82019D2A0,2AA205A14A0,1,1,2
194808,43222,8224D2970,2AA1D942610,1,1,2
195058,117118,816FDA130,2AA1F5A7A40,1,1,2
196322,28760,81A56AA70,2AA1F6DDB10,1,1,2
196332,6212,8280C4B70,2AA1D37F370,1,1,2
196557,68991,80EDAFC30,2AA207F95A0,1,1,2
197198,62353,8137ACA50,2AA1E1CD130,1,1,2
197424,65706,8053FF700,2AA207C2860,1,1,2
198624,81196,817A05C20,2AA1F60AF70,1,1,2
198699,115190,80A62C140,2AA206A93A0,1,1,2
198835,104698,800FB0250,2AA1CB4CDE0,1,1,2
199078,74047,80FF70290,2AA1F3F03B0,1,1,2
199416,102087,80DD7D670,2AA1EF47620,1,1,2
200031,63852,80927E090,2AA1F96F5E0,1,1,2
200317,113446,80142A1D0,2AA1E3D8E10,1,1,2
200431,97620,80C87E5F0,2AA1E0E6860,1,1,2
200512,122145,80CF59080,2AA1FDC8510,1,1,2
200725,75859,8021D0130,2AA1CD303E0,1,1,2
201304,116775,819ADBD40,2AA1D6919B0,1,1,2
201874,59338,80EB11350,2AA203021F0,1,1,2
202100,105120,804C55210,2AA205C2AE0,1,1,2
202874,92385,826E3D2D0,2AA1FA81BD0,1,1,2
203146,46720,813BA4290,2AA1F422D10,1,1,2
203189,111682,80DFB20A0,2AA207A1A00,1,1,2
203836,81158,8110CDDD0,2AA1F05B1A0,1,1,2
204095,111698,802937B10,2AA1CDC7960,1,1,2
204302,106679,8093DD050,2AA1EA99090,1,1,2
204407,89761,80DABCCE0,2AA1D122960,1,1,2
204877,33122,81840C9E0,2AA1F533890,1,1,2
205027,18992,80018CF80,2AA1E0EA360,1,1,2
205128,46191,84DAC42A1,2AA1D8AEFB0,1,1,2
205162,71452,801E88D20,2AA1E285DF0,1,1,2
205289,109688,80111E8C0,2AA1E2DD2D0,1,1,2
206839,108177,80B1F2F60,2AA1ED8E0B0,1,1,2
206985,109386,80DA30800,2AA1D3B6E70,1,1,2
207115,55045,81B0CB030,2AA1EDAC050,1,1,2
207376,98144,80A4D4A60,2AA1E343130,1,1,2
207807,118722,80F60FE50,2AA1E9EB2F0,1,1,2
208013,30773,8012DE080,2AA1CC152E0,1,1,2
208115,80245,821766820,2AA1F315920,1,1,2
208116,27409,80DAD3AA0,2AA1EA6D510,1,1,2
208155,69726,80B490930,2AA1E37A8B0,1,1,2
208325,65706,803FFF9E0,2AA202F5650,1,1,2
208441,3694,810063E00,2AA1F107CC0,1,1,2
208595,120191,828C1E820,2AA2027FB50,1,1,2
208696,117188,813A372C0,2AA1EE58930,1,1,2
208823,7517,804357660,2AA207BBE60,1,1,2
208915,62331,801E43570,2AA1E2A3ED0,1,1,2
209107,33267,80D6249A0,2AA1E91E850,1,1,2
209663,32260,80124AA30,2AA1ED53290,1,1,2
209716,122158,818D29CC0,2AA1E6E4770,1,1,2
210115,10451,81928BA20,2AA1F025420,1,1,2
210119,108539,808FBE1A0,2AA1E436470,1,1,2
210336,21773,810CB6AE0,2AA1F1306C0,1,1,2
210398,17329,80C7F11F0,2AA2049CAD0,1,1,2
210597,66332,802EED620,2AA202ADD90,1,1,2
211105,112592,833EDEBA0,2AA1FE8BDE0,1,1,2
212021,7470,8068B1980,2AA1E19A8B0,1,1,2
212416,10132,811B266E0,2AA1D1A1100,1,1,2
213203,15174,817441BB0,2AA1F6934D0,1,1,2
214086,109174,81DCEFE10,2AA1EBBBB30,1,1,2
214192,59150,80CA650B0,2AA1F1934C0,1,1,2
214612,112941,828226310,2AA1EEE5960,1,1,2
214782,49146,809478B30,2AA1D1DCF60,1,1,2
214785,36572,8031283B0,2AA1CE951C0,1,1,2
214898,92769,805A599D0,2AA20504D90,1,1,2
214983,74075,80020D2E0,2AA1E0F6BC0,1,1,2
215314,45221,81C72B4B0,2AA1F805240,1,1,2
215329,73368,819AEEDB0,2AA1D4F7510,1,1,2
215441,25664,8164301D0,2AA1D6FBDD0,1,1,2
215650,66296,80DCBE510,2AA1F094A00,1,1,2
215771,45753,816761030,2AA1EAC8710,1,1,2
215851,94751,808ADE540,2AA1E32DE30,1,1,2
215949,115190,81912D660,2AA2082C600,1,1,2
216812,59195,801423D40,2AA205D4B80,1,1,2
217221,110277,8105FED20,2AA202FDD90,1,1,2
217610,46578,81A535000,2AA1F693AD0,1,1,2
217625,91213,8005BF680,2AA206A4920,1,1,2
217951,58210,8002C0550,2AA1E163F70,1,1,2
219074,5325,801C44370,2AA200C1210,1,1,2
219241,92425,816D4BC10,2AA1D508270,1,1,2
219608,88954,8120B7370,2AA206106E0,1,1,2
220064,92903,8005B4BE0,2AA206FC350,1,1,2
221000,113446,800F2BC50,2AA1EEA9D00,1,1,2
221521,101398,81BF2CB50,2AA1F765A70,1,1,2
221772,88164,81D073790,2AA1F852680,1,1,2
222063,111698,807C369D0,2AA1CDCA780,1,1,2
222371,74988,801A9F320,2AA1E2EC430,1,1,2
222554,91213,800C3FA50,2AA1CAE6680,1,1,2
222760,18516,800754C10,2AA1EA53BF0,1,1,2
222822,85640,801EE3010,2AA1E22AE90,1,1,2
223064,68538,81354C050,2AA20906FF0,1,1,2
223509,42391,80D83B640,2AA1EF43D80,1,1,2
223664,85578,80C573370,2AA1EEA6400,1,1,2
224449,18516,800654BB0,2AA1E19EB30,1,1,2
225306,74468,80403CD00,2AA1CD8A3C0,1,1,2
225459,14304,8143DB5B0,2AA1F3A5410,1,1,2
225568,57548,800D27C50,2AA1E92ADB0,1,1,2
225664,7517,817AD66E0,2AA205C3160,1,1,2
225731,117118,8167DC370,2AA1F5A6CC0,1,1,2
225790,29318,821814180,2AA1E328890,1,1,2
225883,22609,811619120,2AA1FD70C10,1,1,2
226061,107764,8038F4140,2AA1CEE63E0,1,1,2
226249,8608,812E636F0,2AA1D5546D0,1,1,2
226802,6581,8381C1000,2AA1F8BE2C0,1,1,2
226931,8986,817DFA420,2AA1F571240,1,1,2
229000,858,8038861A0,2AA1CCFFC60,1,1,2
229623,23154,80D5AB740,2AA1F063920,1,1,2
229758,120494,8070B15E0,2AA1E8CE490,1,1,2
230756,80710,8051119D0,2AA1D0DB4A0,1,1,2
230819,96608,801D15F60,2AA1E331E10,1,1,2
231251,48841,81410E150,2AA1F3CBB70,1,1,2
231280,18992,802F0E550,2AA1E0F0120,1,1,2
231982,99739,80EC0AE80,2AA1F1CDFE0,1,1,2
232245,112941,805D25450,2AA1EE38A30,1,1,2
232496,21356,80EB74F00,2AA1D5A83D0,1,1,2
232826,67375,8129BE150,2AA1F3E65F0,1,1,2
232831,47147,80A768ED0,2AA1E3FF690,1,1,2
233234,71326,83AC523C0,2AA20022BD0,1,1,2
233237,31131,814E7ED40,2AA1F3861A0,1,1,2
233439,8072,80008E3F0,2AA1F377650,1,1,2
234099,13845,80028E6A0,2AA1EE6B920,1,1,2
234123,83271,80813A8A0,2AA1E27F650,1,1,2
234870,32565,801D004E0,2AA1CCACB00,1,1,2
235043,72312,8139CBB10,2AA20504EB0,1,1,2
235247,85402,801A0E740,2AA1FFDE700,1,1,2
236113,109892,80DE74D10,2AA1E332170,1,1,2
236783,6212,811EC6330,2AA1D37D870,1,1,2
237436,107970,80E181BD0,2AA20761540,1,1,2
237973,89187,804227960,2AA2084C090,1,1,2
238625,94559,80D88D680,2AA1EE9A8A0,1,1,2
239160,32677,805098F00,2AA1CF7B5A0,1,1,2
239708,92903,8004B7800,2AA1CB26860,1,1,2
239850,93220,80A259220,2AA1E562530,1,1,2
240478,104262,81C45B8C0,2AA1D21F080,1,1,2
240887,88966,80D05C6B0,2AA1E32BAF0,1,1,2
241426,52448,804E202C0,2AA1EBA3D70,1,1,2
241675,65383,80D10B3F0,2AA1CF30E00,1,1,2
242099,101975,81C345860,2AA1F6E8990,1,1,2
242222,74075,80028EF80,2AA1E91D110,1,1,2
242282,116712,80E4A3790,2AA1E5A63B0,1,1,2
243186,111641,80343F2F0,2AA1FFEF200,1,1,2
243651,50678,80718E660,2AA1D1F21C0,1,1,2
244051,25097,8012BBBD0,2AA1E4B4370,1,1,2
244104,27954,81E1224E0,2AA1EDD8A50,1,1,2
244730,23154,80F22A600,2AA1F215560,1,1,2
245044,42391,802539D50,2AA1EFEAFA0,1,1,2
245147,37433,8003473E0,2AA1CAC7E60,1,1,2
245204,74916,80051E0F0,2AA20445990,1,1,2
246122,40694,809363150,2AA208461B0,1,1,2
246244,116775,810F58970,2AA20835000,1,1,2
246703,2996,8040354E0,2AA206A83E0,1,1,2
247058,35524,820521840,2AA1ECE24D0,1,1,2
247239,59195,81CE21AF0,2AA202709D0,1,1,2
247992,92162,82295AA30,2AA2084E170,1,1,2
251015,85402,80038F680,2AA1CA63CD0,1,1,2
252116,108272,820A92810,2AA1D540530,1,1,2
252293,52159,8454EF3C0,2AA2051D770,1,1,2
252824,56107,80FED7BC0,2AA1F38ED00,1,1,2
253070,15392,8178E2680,2AA206B4E70,1,1,2
253101,66749,807ABFE80,2AA20754840,1,1,2
253621,27941,815B2C380,2AA2063B940,1,1,2
253722,79728,8079F4320,2AA2058D000,1,1,2
254218,10622,810333920,2AA1F09EB20,1,1,2
254285,92361,81D790430,2AA1F801690,1,1,2
254508,43234,8063BEDE0,2AA1D1B5BE0,1,1,2
254640,74075,801B0FB80,2AA1E0FAD00,1,1,2
254660,25142,801B3F390,2AA208015E0,1,1,2
255548,116910,803C5A460,2AA2066AC60,1,1,2
255880,40794,804A24840,2AA1EC4BEF0,1,1,2
255943,98720,8162DE840,2AA1E79D1D0,1,1,2
256375,115190,803F2F9B0,2AA2068A700,1,1,2
256984,90719,8161E22C0,2AA1E4347F0,1,1,2
257932,4,80638D1B0,2AA1E2FAF90,1,1,2
257980,101791,81A9E49C0,2AA206AA7A0,1,1,2
258273,83110,802ABF600,2AA1CD81520,1,1,2
258470,78590,80A40F7B0,2AA203FB930,1,1,2
258754,116712,80E422780,2AA1E37FEB0,1,1,2
259586,64947,810BE5740,2AA1EFE0FA0,1,1,2
259793,66435,80B469270,2AA1E484910,1,1,2
260095,60167,812535340,2AA1E66B250,1,1,2
260318,43385,8195D6380,2AA1F5E04A0,1,1,2
260580,57176,822796DC0,2AA2077C460,1,1,2
260870,3100,804335000,2AA1CFC2380,1,1,2
261466,105159,8159AB420,2AA1F4F7FA0,1,1,2
261733,59338,81B20D5E0,2AA2085AEB0,1,1,2
262628,24617,801407350,2AA2029BA90,1,1,2
263142,4590,80CE976D0,2AA1F02E040,1,1,2
263792,103425,815DDA370,2AA1F513EA0,1,1,2
264004,80440,819AF7720,2AA1CEC4CE0,1,1,2
264234,58210,8002DD060,2AA1E364A10,1,1,2
264286,11200,80F05E2F0,2AA1EF48A20,1,1,2
264300,64781,8150EC470,2AA207E17C0,1,1,2
266309,14843,8123B7170,2AA1EE24950,1,1,2
266754,68244,800090E60,2AA1F386610,1,1,2
267016,94000,80C5C93A0,2AA1FF1D230,1,1,2
267626,3100,8083B56C0,2AA207BC220,1,1,2
267932,27717,800496C00,2AA1CABA880,1,1,2
268593,73812,81156DA30,2AA20678E00,1,1,2
268829,102681,8221A9E70,2AA20512E10,1,1,2
268896,41589,80696CC80,2AA2075D7C0,1,1,2
269065,111307,80E92EBB0,2AA1F386DC0,1,1,2
269406,60506,80CBC2E00,2AA1EF1F0B0,1,1,2
270009,115409,802A48090,2AA1CD28BC0,1,1,2
270312,53716,80203CA60,2AA1EAD9410,1,1,2
270374,1931,813D1D970,2AA1E978CB0,1,1,2
271308,72387,813156BF0,2AA1F49EEA0,1,1,2
271338,79138,818C48D70,2AA20805320,1,1,2
271564,110393,80F661CB0,2AA1E30D4B0,1,1,2
272014,19773,80ADA29A0,2AA1E97E150,1,1,2
272159,15372,80A8CE240,2AA1E11E950,1,1,2
272577,58001,8011E2D30,2AA1E499030,1,1,2
273149,58001,80A262AD0,2AA1E75DFD0,1,1,2
273518,16204,82B5C81B0,2AA1FA95030,1,1,2
274036,81280,80343B9B0,2AA20776F20,1,1,2
274147,97333,8040AE3C0,2AA1CDF9A00,1,1,2
274261,106679,809CC15E0,2AA1E2A4E90,1,1,2
275173,20838,838A24240,2AA200225A0,1,1,2
275277,44943,813C4B260,2AA200E0050,1,1,2
275430,18990,81D713E80,2AA1F764490,1,1,2
275893,69463,8010F8EF0,2AA1E200A90,1,1,2
277113,23444,800234C20,2AA2052CE50,1,1,2
277246,78590,801C91A40,2AA1CA76F60,1,1,2
277444,78655,814016880,2AA20699FC0,1,1,2
277486,20201,814A5EC80,2AA1EA474F0,1,1,2
277734,110702,81090B340,2AA1EA4EA50,1,1,2
277751,100669,8176DB2C0,2AA1F228DE0,1,1,2
278480,32408,81D034700,2AA1F76FEF0,1,1,2
278651,51626,817162DB0,2AA2084DED0,1,1,2
278759,50116,81DC3C1C0,2AA1E941C30,1,1,2
278823,10630,80E4BE4D0,2AA205D1720,1,1,2
280094,73952,80E42A190,2AA1E53F470,1,1,2
280132,92466,80BFA4720,2AA1E3019D0,1,1,2
280337,86341,803F81550,2AA1EECD960,1,1,2
281188,9999,805EB0DA0,2AA204C2450,1,1,2
281407,16898,80E3B02D0,2AA1F09A840,1,1,2
281481,69737,804149860,2AA1CB83280,1,1,2
281641,60391,811666D90,2AA1F1B64E0,1,1,2
281810,99164,8037BE0C0,2AA1E938090,1,1,2
282508,122151,81D0E0B70,2AA1EAC56F0,1,1,2
282526,84395,800787270,2AA2076AF40,1,1,2
282550,8290,808799180,2AA20615EC0,1,1,2
283370,78140,80F317EC0,2AA1F133D40,1,1,2
284006,6212,822559D50,2AA1D37ED70,1,1,2
284661,66332,801CF0E70,2AA20785380,1,1,2
285204,114555,80BD0B8F0,2AA1F01AD80,1,1,2
286192,26352,8179AE870,2AA1F63E990,1,1,2
286727,99576,809FF53E0,2AA1EF9A680,1,1,2
286879,52982,80A5FEB80,2AA1E373F30,1,1,2
288228,89589,81BB084E0,2AA1E9C56B0,1,1,2
288287,55891,80E3AD5F0,2AA1F0D4860,1,1,2
288427,30584,8004C0990,2AA206A74C0,1,1,2
288974,37601,820289290,2AA1D274420,1,1,2
289341,59647,80A235C70,2AA2080A1C0,1,1,2
289619,20253,81294D440,2AA1F3A5590,1,1,2
289713,85149,80A1DBED0,2AA1E87E450,1,1,2
289738,90403,80E6ED360,2AA1F034120,1,1,2
289842,76782,805D831F0,2AA1D18ED40,1,1,2
290202,97333,81132F250,2AA20761000,1,1,2
290398,1213,801632580,2AA1E1B2E50,1,1,2
290860,25142,805121400,2AA204D1FD0,1,1,2
292258,58626,809EC4F60,2AA1E677850,1,1,2
292710,66332,8016F0650,2AA1CC3C1E0,1,1,2
292800,87649,8167913F0,2AA1F631F50,1,1,2
293415,54813,81C711680,2AA1F7A57B0,1,1,2
293668,59902,8036ADD40,2AA202E0890,1,1,2
293674,37374,823A6F1C0,2AA1F8C5DE0,1,1,2
294839,85402,800212160,2AA207300C0,1,1,2
294876,26817,8003199E0,2AA1E14FEF0,1,1,2
294890,26177,807038EF0,2AA1EBB1630,1,1,2
294990,5727,8198F6D80,2AA1F6760B0,1,1,2
295471,23444,8008B7DF0,2AA204665F0,1,1,2
296085,107764,802F6BD80,2AA1CEE5BA0,1,1,2
296090,58210,80215F190,2AA1EEAC060,1,1,2
296309,110204,816F99C40,2AA1F592DE0,1,1,2
296597,2070,81FF7A310,2AA2024A590,1,1,2
296678,68847,820322E20,2AA1F4C8D00,1,1,2
296681,18992,801892520,2AA1F2E1F00,1,1,2
296827,40949,806483D40,2AA1E5E9D10,1,1,2
297324,49665,822215040,2AA2084AC30,1,1,2
297389,37762,802BC8450,2AA1E9C8250,1,1,2
297834,18992,804812250,2AA1E754250,1,1,2
298033,104698,8009AE570,2AA1CB4BC40,1,1,2
298247,42751,803DDE7B0,2AA20736AA0,1,1,2
298639,11117,8252B5510,2AA1F9FA820,1,1,2
298710,48841,812F12720,2AA1F5215B0,1,1,2
299353,34181,804391340,2AA2069AEC0,1,1,2
299473,78725,83D1B4160,2AA1E140130,1,1,2
300111,36747,80968E580,2AA2026E370,1,1,2
300233,96989,8041C3210,2AA1CE1F6C0,1,1,2
300451,56587,81D045AD0,2AA1F6B1F20,1,1,2
300829,89187,80363B7A0,2AA1CBB58E0,1,1,2
301129,84079,818323EF0,2AA1EC27130,1,1,2
301438,108539,8181208C0,2AA1E8C4470,1,1,2
301922,11376,814ABF730,2AA1D748590,1,1,2
301993,80626,81A68CFC0,2AA1D5792D0,1,1,2
302114,15634,806122960,2AA1E173710,1,1,2
303194,98144,8013CA8F0,2AA1EC111F0,1,1,2
303324,70443,81C472810,2AA20845670,1,1,2
303438,50351,82BCB8830,2AA1FC1AC70,1,1,2
303518,113446,80BC34CC0,2AA1E2C1770,1,1,2
303823,73952,808229890,2AA1E765390,1,1,2
303883,63100,80BDF8920,2AA1EA59C30,1,1,2
304256,31433,802A58D00,2AA1EE75320,1,1,2
305208,107469,813E63460,2AA1F41B230,1,1,2
305282,3694,81B8FD870,2AA1F11DC00,1,1,2
305537,78590,8012121B0,2AA1CA75700,1,1,2
306006,27717,800194730,2AA205E9AC0,1,1,2
306753,99490,8173663E0,2AA1CDF49A0,1,1,2
306872,97142,819583810,2AA1F5D6DE0,1,1,2
307071,122269,81DB33B40,2AA20150C30,1,1,2
307488,109198,804B75AB0,2AA206F3850,1,1,2
307509,48841,812792FB0,2AA2005EAF0,1,1,2
307539,104698,8016AECB0,2AA1CB4DBC0,1,1,2
307558,103898,80FD8F1C0,2AA2085D2F0,1,1,2
307647,11669,82222A2D0,2AA1D94FCD0,1,1,2
307676,10769,81DE742E0,2AA1F6B8C30,1,1,2
308481,18992,8018928A0,2AA1EF27090,1,1,2
308726,27723,80A521EE0,2AA1E9B0690,1,1,2
309468,71891,81DF83B90,2AA1D745690,1,1,2
309607,74916,808183FB0,2AA1CADE920,1,1,2
309893,34401,80F5A5580,2AA20856590,1,1,2
310235,19347,808F88250,2AA1CD55480,1,1,2
310626,16387,807641740,2AA1E315A10,1,1,2
310885,6912,807EDF500,2AA200F08F0,1,1,2
311082,19845,816CEFD30,2AA1F57C260,1,1,2
311292,92903,803CAA2E0,2AA1CB2C800,1,1,2
311347,17365,802DE1C70,2AA1CEA3840,1,1,2
311784,99089,801224960,2AA1E9ED390,1,1,2
313150,78590,800193930,2AA2080DDA0,1,1,2
313177,56366,813DB06C0,2AA2053E950,1,1,2
313454,11419,808FBDF80,2AA1E404FF0,1,1,2
313524,61047,810889690,2AA206CA150,1,1,2
313590,71238,80BCE6720,2AA1E873BF0,1,1,2
314834,74988,81C881D60,2AA1EAC7E10,1,1,2
315157,35302,81A8C91B0,2AA1CBA0FC0,1,1,2
315476,66749,81D123390,2AA205780C0,1,1,2
315585,15312,807303C20,2AA1EC50ED0,1,1,2
315739,57663,8224ADB40,2AA1D358CF0,1,1,2
315812,101323,800E2B8D0,2AA1CB1BBC0,1,1,2
315860,74509,807B0C960,2AA206B1B80,1,1,2
316646,83426,8252FE6A0,2AA1FA1D040,1,1,2
316704,64522,802283630,2AA1E3C5310,1,1,2
316805,35904,81348F3D0,2AA1E7967D0,1,1,2
317528,15634,808D23680,2AA1E5661B0,1,1,2
317530,116103,80268CB00,2AA1ECF2030,1,1,2
318676,82616,8118297A0,2AA1D50FD50,1,1,2
318850,88694,821EAF850,2AA1F2A67A0,1,1,2
318951,75782,817411EF0,2AA2080ECA0,1,1,2
319351,38572,80D0A2A50,2AA1E997510,1,1,2
319710,119863,80384E420,2AA1E4983D0,1,1,2
319845,107662,80DCEE040,2AA1D60B0F0,1,1,2
320154,40949,807682410,2AA1E5EA550,1,1,2
320441,18516,8023CAD60,2AA1E808B50,1,1,2
321762,93695,814A7F4A0,2AA1D1C8C00,1,1,2
322160,32433,80DDF3700,2AA1F059500,1,1,2
322224,26817,800298490,2AA1ED30E10,1,1,2
322249,78544,8037D8090,2AA1E6C2BF0,1,1,2
322727,32443,819A2E380,2AA1E74EFB0,1,1,2
322853,74454,8165237A0,2AA1CE0C280,1,1,2
322935,27331,802A474C0,2AA1FF29030,1,1,2
322965,99164,8015BC8C0,2AA1E1F81F0,1,1,2
323046,45007,81C3E48E0,2AA20745440,1,1,2
323161,74916,800482CF0,2AA1CAD7240,1,1,2
323196,108539,806F21200,2AA1E41CBF0,1,1,2
323287,81128,816210390,2AA1D55CB10,1,1,2
323841,18992,80AF93BA0,2AA1F24AA00,1,1,2
324065,37762,8107C9A50,2AA1E3597B0,1,1,2
324293,41204,80CF0E190,2AA1E79B850,1,1,2
324531,31433,8127599D0,2AA1ED72B70,1,1,2
324575,67144,8020BAE50,2AA1CC34420,1,1,2
324684,17581,803F2C070,2AA1EBE1C30,1,1,2
324885,58454,8138289B0,2AA1F42D010,1,1,2
325131,35701,82CD6B160,2AA1FB10110,1,1,2
325910,63852,800BE1BB0,2AA1CBF5420,1,1,2
325958,79056,802113A40,2AA1E4C58F0,1,1,2
325988,86501,8055CA440,2AA1D0FDF40,1,1,2
326245,99089,80D8A3880,2AA1E274630,1,1,2
326481,19347,807B8F240,2AA20324210,1,1,2
326713,33267,80FD3C470,2AA1E91DD10,1,1,2
326719,83770,819E4D1F0,2AA1D4A1A90,1,1,2
327716,105558,8137143F0,2AA1F3DB390,1,1,2
328026,58902,8122EF840,2AA1E78C5F0,1,1,2
328376,113446,800932720,2AA1E744C30,1,1,2
328523,71698,81D7A50C0,2AA1F812560,1,1,2
328860,50903,805132080,2AA1E493070,1,1,2
329304,89809,807CD7570,2AA1E42FC70,1,1,2
329388,74314,80E010D10,2AA1F049D80,1,1,2
329557,91213,800DA63C0,2AA207A10A0,1,1,2
330398,60506,80D746290,2AA1EFED940,1,1,2
330411,16778,811E86310,2AA1D2C14C0,1,1,2
330720,13298,813AE73E0,2AA1D76CD50,1,1,2
331533,101406,8422179B0,2AA20338620,1,1,2
332444,45703,806872090,2AA1E1E8DF0,1,1,2
332492,101997,811E249A0,2AA1E339390,1,1,2
332574,57548,80093E7B0,2AA1E132550,1,1,2
332850,57921,81242EDF0,2AA1E6E83F0,1,1,2
332959,23537,808C0D690,2AA208205E0,1,1,2
333316,80362,8291C8FF0,2AA1E89DEF0,1,1,2
333842,68117,810656870,2AA1E781C70,1,1,2
333844,16121,8009319F0,2AA1EB3A030,1,1,2
334083,62040,8094301B0,2AA1EDF4B70,1,1,2
334360,3170,81A314070,2AA1F69BDD0,1,1,2
335707,32443,808C29650,2AA1EC676D0,1,1,2
335746,79056,801614CE0,2AA1E7556B0,1,1,2
336674,35232,80A7064D0,2AA1E6FC590,1,1,2
336711,41124,81397E8D0,2AA1D1C3180,1,1,2
337127,24617,800583840,2AA1CB0C120,1,1,2
337870,111326,804BA8980,2AA1CB5DCC0,1,1,2
337993,108354,81AD723B0,2AA1F35DEB0,1,1,2
338074,101406,842217740,2AA2056C7C0,1,1,2
338502,12145,80BAB7220,2AA1E5D2D50,1,1,2
338621,93539,80E8B16C0,2AA1EFA0F40,1,1,2
338878,61976,82241EC00,2AA1CF558C0,1,1,2
338917,71165,8041EAC90,2AA20649520,1,1,2
338952,38824,81E0923A0,2AA1E3BB250,1,1,2
339001,56107,814CCCF30,2AA1F516860,1,1,2
339128,66810,811988F50,2AA206D0F10,1,1,2
339298,102195,80AE9B380,2AA1F22EB20,1,1,2
339872,79488,82896CD10,2AA20256730,1,1,2
340560,97859,824572540,2AA2069C860,1,1,2
341478,52448,80C9BA0A0,2AA1E5BC330,1,1,2
341574,19845,816FE8340,2AA1F648F70,1,1,2
341623,92769,8122C05C0,2AA1D213580,1,1,2
341981,19477,804AC23A0,2AA205767E0,1,1,2
342312,85213,800B34AF0,2AA1EE90340,1,1,2
342631,59451,809510FC0,2AA1E0FAC40,1,1,2
342765,74729,80FF62A60,2AA2083F990,1,1,2
342988,12145,800C36EA0,2AA1EB3ADD0,1,1,2
343069,22421,8245159B0,2AA1FA67610,1,1,2
344199,69737,800ACDDC0,2AA202CF230,1,1,2
344613,104848,818698B20,2AA207ED1C0,1,1,2
344794,79482,8225F4FD0,2AA1F8ECFA0,1,1,2
346296,51258,81826FBD0,2AA1F232FA0,1,1,2
346358,18992,80DB155E0,2AA1F2D9140,1,1,2
346574,122121,81F9D3990,2AA1D50D090,1,1,2
346894,85402,800195470,2AA20842C10,1,1,2
346959,66435,806BF3800,2AA1E8DAC30,1,1,2
347044,85571,8233F7810,2AA1F8F97A0,1,1,2
347058,34838,806649190,2AA1CB76F00,1,1,2
347445,64580,80318BEF0,2AA1CE70E20,1,1,2
347492,60604,81948D380,2AA1F5D64E0,1,1,2
347746,47712,81585E3C0,2AA20782900,1,1,2
347953,27717,80FD93E70,2AA2063C6E0,1,1,2
348703,26072,807295CB0,2AA1F31FDC0,1,1,2
349125,74916,8004046A0,2AA201D61D0,1,1,2
349516,114823,810A1EF70,2AA1E4E4230,1,1,2
349720,110143,80A13A520,2AA1E974CD0,1,1,2
350434,98144,80E44D650,2AA1E343C70,1,1,2
350563,92065,80C2F5180,2AA1ED6F1D0,1,1,2
350712,41305,80234C3A0,2AA1E34E6F0,1,1,2
351593,74454,81A8A5200,2AA2075A920,1,1,2
352049,87860,803934C80,2AA20841CF0,1,1,2
352608,58001,8013E7CA0,2AA1EA023B0,1,1,2
352720,45016,801D1C930,2AA1CC02460,1,1,2
353074,103898,802808690,2AA2021D530,1,1,2
353142,90833,807B6A1A0,2AA20709BD0,1,1,2
353182,2958,8165685B0,2AA1F58B300,1,1,2
353263,44535,818C82BC0,2AA1F5DFFA0,1,1,2
354017,113446,800133E70,2AA1E1250F0,1,1,2
354041,72821,807A79E00,2AA1EDD5210,1,1,2
354145,114514,818FCC290,2AA1F0E4520,1,1,2
354434,48841,80F3159D0,2AA1F390380,1,1,2
354574,57548,8009BFA70,2AA1E132790,1,1,2
354717,120496,80B1D6E90,2AA1D2B1560,1,1,2
355122,38969,82A260280,2AA1FC61160,1,1,2
356361,6128,816F1ACB0,2AA1F691BD0,1,1,2
356833,54779,8044795B0,2AA1EE83F20,1,1,2
356895,118141,81C1DC030,2AA1D627610,1,1,2
357735,38715,808359B90,2AA1E7A7490,1,1,2
358496,111799,812922050,2AA1EDD3ED0,1,1,2
358853,44123,81627CF30,2AA1EDF5C10,1,1,2
359048,80616,80139AC60,2AA208422B0,1,1,2
359378,29105,807A56FB0,2AA1D221AA0,1,1,2
359569,34411,80BA2D160,2AA1E888E90,1,1,2
360077,57548,8002BC0F0,2AA1E8F10F0,1,1,2
360742,85402,800396210,2AA207B2700,1,1,2
360965,99246,8130ACCC0,2AA1EBB5350,1,1,2
361184,35302,8009CC6F0,2AA1CB97300,1,1,2
361242,57025,809A40600,2AA1E891EF0,1,1,2
361719,105654,80918F380,2AA1EB5DD70,1,1,2
361737,118538,80B0A0300,2AA206E92D0,1,1,2
361867,57820,8108E61A0,2AA1E280430,1,1,2
362022,99490,807B62C40,2AA1CDF2780,1,1,2
362492,76724,802720440,2AA207EDEA0,1,1,2
362718,30584,800447680,2AA207CD300,1,1,2
363260,97994,827F47800,2AA1D53D810,1,1,2
363614,100371,81498B550,2AA1D456AB0,1,1,2
363732,87835,82048CD70,2AA1E5818B0,1,1,2
363914,6968,81714F430,2AA20557490,1,1,2
364649,87860,8027370E0,2AA20816260,1,1,2
364907,18992,801E96020,2AA1E0EF3A0,1,1,2
364952,111326,8019AA430,2AA20574D80,1,1,2
365619,71814,81C924760,2AA20728F00,1,1,2
365791,106679,800BC7F80,2AA1E18C790,1,1,2
366070,5735,8035D0050,2AA207722E0,1,1,2
366169,85402,800496760,2AA1CA9DBC0,1,1,2
366600,31491,8072EB550,2AA20807D40,1,1,2
366818,32192,809477C00,2AA1CBAAFA0,1,1,2
366954,34838,800A4AD20,2AA1CB71860,1,1,2
366977,32192,803AF7C30,2AA202E76D0,1,1,2
367078,79056,800296DC0,2AA1E10F7B0,1,1,2
367120,112569,820DAA5D0,2AA1E32D590,1,1,2
367156,74075,8003169E0,2AA1EDFA8D0,1,1,2
367169,81128,8183956E0,2AA205AD420,1,1,2
367933,13292,80B8122A0,2AA20615C80,1,1,2
368055,41489,823A0D8C0,2AA20654740,1,1,2
368111,25851,80638C7C0,2AA1E507BF0,1,1,2
368284,23444,800533570,2AA20583980,1,1,2
368435,49189,81C28EC90,2AA20562C50,1,1,2
368534,40492,8041BD5A0,2AA1CC48BC0,1,1,2
368775,16121,8001B3760,2AA1E5A8510,1,1,2
368831,1213,803D35170,2AA1E2583D0,1,1,2
368930,27717,800A90100,2AA1CABC260,1,1,2
369044,27801,81178DA30,2AA1EFBF4A0,1,1,2
371457,104402,812A2A8E0,2AA1D4370B0,1,1,2
372212,35492,80D9378A0,2AA1F056FE0,1,1,2
372386,49810,8049693D0,2AA1E5B92D0,1,1,2
373040,85578,8188E8680,2AA1E2660D0,1,1,2
373122,12513,82C064F10,2AA1DE261D0,1,1,2
373665,78145,81289CDA0,2AA1F479980,1,1,2
373707,57507,82C510DB0,2AA1FB01610,1,1,2
374358,2060,823CA3FD0,2AA1ED95BB0,1,1,2
374760,17289,833B0EF30,2AA1E9CAC70,1,1,2
375139,7470,8009AB920,2AA1ED8B6D0,1,1,2
375892,62820,80E11A750,2AA1D5336F0,1,1,2
376055,97335,805EA3D00,2AA1E452470,1,1,2
376285,96769,80B067430,2AA1D13FC20,1,1,2
376387,7428,80BEF8AD0,2AA1EEE7280,1,1,2
376911,91213,801D25150,2AA207759C0,1,1,2
377124,60003,812B73880,2AA1CE7BBE0,1,1,2
377451,84395,800801550,2AA1CB00CA0,1,1,2
377746,37379,806102BA0,2AA206FA3B0,1,1,2
377831,34816,808A05FB0,2AA20260770,1,1,2
378327,63303,818E23E30,2AA20594320,1,1,2
378391,58849,80CAF0D40,2AA1F001020,1,1,2
378870,32601,80E4D3140,2AA1E701E30,1,1,2
379953,104017,813637350,2AA1F44ACF0,1,1,2
380445,78908,80E45E2D0,2AA1E136630,1,1,2
380479,122269,803136350,2AA1CD98C80,1,1,2
380516,43200,80B2BDFE0,2AA1E219B10,1,1,2
380742,87015,802D69D90,2AA1CCC04C0,1,1,2
380925,88954,810C2D140,2AA1FE71350,1,1,2
381532,58210,800CDA560,2AA1E3EA930,1,1,2
381567,28220,81193DA70,2AA1EED4980,1,1,2
382051,37433,8004DF5F0,2AA202E87D0,1,1,2
382076,92054,8086DEEF0,2AA20471510,1,1,2
382167,1005,8117F9D80,2AA1D6E1B30,1,1,2
382292,87856,81C7A6420,2AA1E5B2CF0,1,1,2
383024,4745,8010B10E0,2AA1EC8D790,1,1,2
383130,37762,80B24D070,2AA1E358E50,1,1,2
383286,19347,81308CA20,2AA203BA690,1,1,2
383521,109688,809B05950,2AA1E2E1290,1,1,2
383724,45016,81261EB80,2AA1CC07A40,1,1,2
383796,76049,80392DE90,2AA1CF02720,1,1,2
384115,15634,8008279E0,2AA1E657AF0,1,1,2
384281,22186,81B38D380,2AA1D279660,1,1,2
384528,74147,8121D06C0,2AA1EB13790,1,1,2
384599,85240,802ECC560,2AA207D9480,1,1,2
385056,77073,80214BC50,2AA20526290,1,1,2
385341,112157,80A9D7320,2AA1F21AD00,1,1,2
385370,114453,81782EBA0,2AA1E23E1F0,1,1,2
385419,107087,810987EB0,2AA1E2A3E10,1,1,2
385479,99576,806B730C0,2AA1F2BFE60,1,1,2
385611,39489,81B29BEE0,2AA1E199050,1,1,2
385844,15892,81D45AE20,2AA1EEFF540,1,1,2
385973,86341,80B607CC0,2AA1EED9220,1,1,2
386313,79056,803F97E90,2AA206B78B0,1,1,2
386708,71821,80259EC70,2AA2070D6D0,1,1,2
386991,73254,81DDC6040,2AA1F76F0B0,1,1,2
387275,91805,80B960780,2AA1D424670,1,1,2
387632,78897,8094EB660,2AA207BA660,1,1,2
387796,23444,800532080,2AA1CAACA60,1,1,2
387944,1915,81AA11030,2AA2064AC00,1,1,2
388117,41489,80068CD50,2AA1CB3F500,1,1,2
388482,79056,8001178B0,2AA1E10DA70,1,1,2
388863,72665,8047C8E10,2AA203F7D90,1,1,2
390417,85402,800117F00,2AA1CA62D10,1,1,2
391117,97994,842046330,2AA202A8030,1,1,2
391178,15312,809507640,2AA1E445CB0,1,1,2
391262,75042,80C90CED0,2AA2078BF40,1,1,2
392601,80188,8036AFC10,2AA204BB1B0,1,1,2
392696,108711,8163D8BA0,2AA1CF3ED00,1,1,2
392843,11315,81886CB50,2AA1EB60A30,1,1,2
393131,58849,80CBFFF90,2AA1F001320,1,1,2
393485,85015,80DAB8C70,2AA1EF61C60,1,1,2
393590,108711,806FD8880,2AA1CF3CF00,1,1,2
393706,108907,808B913A0,2AA1CF44720,1,1,2
393740,40423,8028DD330,2AA1E997510,1,1,2
394140,19477,804B4EE90,2AA1CB392A0,1,1,2
394256,101323,802A20FB0,2AA206D9070,1,1,2
394337,22186,812C02840,2AA1D2785E0,1,1,2
394788,107726,80BFEF230,2AA1E424650,1,1,2
395200,64200,807F5A690,2AA1E2ADC70,1,1,2
396562,16523,800E28C70,2AA1E366570,1,1,2
397181,27717,80049EE80,2AA2066EB40,1,1,2
397812,42391,80252EBA0,2AA1F0CC780,1,1,2
397838,101319,80F7950A0,2AA1D607710,1,1,2
397912,27905,819700DC0,2AA207A2F60,1,1,2
398043,66332,801679F60,2AA2069C800,1,1,2
398761,45712,80F06AE90,2AA1EF681C0,1,1,2
398799,24916,8186F2710,2AA1D9B3030,1,1,2
399073,59647,8189BC0E0,2AA20553970,1,1,2
399439,97311,810FC28C0,2AA1F199BC0,1,1,2
399467,104698,80DFA46C0,2AA207C2DA0,1,1,2
399669,19309,80EADAB70,2AA1D616A30,1,1,2
399806,74225,822EF9A20,2AA1FA40900,1,1,2
400115,97333,807E266F0,2AA207E59E0,1,1,2
400859,85402,800118920,2AA206DD410,1,1,2
401371,17758,82E91E020,2AA1FCCF580,1,1,2
401649,6912,809154DE0,2AA1CF67980,1,1,2
402139,40782,802EFBEE0,2AA1E20FFB0,1,1,2
402206,78590,801518070,2AA20821C80,1,1,2
402279,103661,81A2DB580,2AA1F076100,1,1,2
403381,120692,801AD2590,2AA1EAEDFD0,1,1,2
403539,76252,81A91EE30,2AA1D571850,1,1,2
403578,17365,810EEA6C0,2AA203632D0,1,1,2
404054,78590,800398630,2AA1CA8EE30,1,1,2
404223,104698,803F24D60,2AA2067DFA0,1,1,2
405088,92825,81A9BB5C0,2AA1EB37C70,1,1,2
405281,41305,801CC16F0,2AA1E6AA970,1,1,2
406588,40173,810A8A8B0,2AA1D5681B0,1,1,2
406985,9085,80243BEA0,2AA1EB17470,1,1,2
407461,37009,80F354A90,2AA206D4250,1,1,2
407551,64457,803A96620,2AA2078F200,1,1,2
407970,52975,81658E010,2AA1F65CAD0,1,1,2
408168,76782,80530BDC0,2AA1FAA2280,1,1,2
408417,94787,81C0AC480,2AA206DA3B0,1,1,2
409025,40984,805FD1A10,2AA1EF3DF00,1,1,2
409178,65383,80B31CFB0,2AA1CF32120,1,1,2
409448,120692,802FD3F80,2AA1EEC66C0,1,1,2
409894,65733,8260D7960,2AA1D5DAC50,1,1,2
410006,71452,80B69D680,2AA1E289570,1,1,2
410377,17238,8181A7660,2AA1F5F3930,1,1,2
410707,116103,802C06E30,2AA1E347770,1,1,2
410937,99164,803736700,2AA1E1F95D0,1,1,2
410984,44238,8138C92F0,2AA1F3CEE10,1,1,2
411345,7428,819C768D0,2AA1EDA1F30,1,1,2
411626,61137,814DB1790,2AA1F511840,1,1,2
412251,107992,81273E620,2AA1E817E70,1,1,2
412351,101319,8172142C0,2AA2066BCA0,1,1,2
412452,3236,80E0708E0,2AA1F17C9C0,1,1,2
412492,96989,8055C80F0,2AA2051E4F0,1,1,2
412664,46607,817B91110,2AA1D07ED40,1,1,2
413145,81897,80580B290,2AA2068BBC0,1,1,2
413300,25097,8050AC140,2AA1EA9E1D0,1,1,2
414049,103720,800D34700,2AA1E2FAE70,1,1,2
414055,23444,80033CA00,2AA20621900,1,1,2
415007,49341,801860800,2AA2075FF20,1,1,2
415707,78135,81699AF20,2AA1D899D50,1,1,2
416190,79056,819599DA0,2AA2066A8A0,1,1,2
416313,106888,84F3DB9C0,2AA1EA4B110,1,1,2
416559,15581,81BB01480,2AA1EB7E1B0,1,1,2
417316,102664,8018EF640,2AA1E3769B0,1,1,2
417833,98564,80469D750,2AA208548B0,1,1,2
418733,32562,8521FBF30,2AA1F37E8B0,1,1,2
418874,52541,824A9E150,2AA1D4D7430,1,1,2
419014,22293,821197400,2AA207F99E0,1,1,2
419913,16310,81AF15BE0,2AA1E908930,1,1,2
419923,48575,818F40560,2AA1CE83F40,1,1,2
419941,34541,80379D170,2AA2070D430,1,1,2
419969,70639,801728770,2AA1E8498F0,1,1,2
420663,10730,80DE0BA20,2AA1E9B84F0,1,1,2
421694,117113,80B7E8020,2AA1CEFD8A0,1,1,2
421952,28462,806314960,2AA205C9BC0,1,1,2
422688,43613,814C53A90,2AA1F400370,1,1,2
422738,45043,8075952A0,2AA2063F8E0,1,1,2
422994,17392,81CEB03D0,2AA1D2D6690,1,1,2
423165,103282,819BE9800,2AA1E4C3710,1,1,2
423365,16610,8019894B0,2AA1E8C74F0,1,1,2
423383,16638,8010A66B0,2AA1E248730,1,1,2
423795,30584,800448D20,2AA202E2910,1,1,2
423919,27717,80041F4C0,2AA204FFE90,1,1,2
424903,11088,8029D25B0,2AA1EB1CFF0,1,1,2
425060,5302,81471B050,2AA1D5F80F0,1,1,2
425144,85764,8008570F0,2AA1ECF8770,1,1,2
425151,44943,812341CF0,2AA206F3AF0,1,1,2
425399,57398,80620AE30,2AA1E6468B0,1,1,2
425418,41027,813ED9EB0,2AA1F4B97A0,1,1,2
425807,79056,80011A420,2AA20303F30,1,1,2
426475,48873,812CD3E40,2AA1F4F8540,1,1,2
427117,92903,800B23150,2AA205FCEE0,1,1,2
427263,94194,80B8C5070,2AA1CE6CE40,1,1,2
427314,70979,808577700,2AA1E7E06D0,1,1,2
427960,40054,80F31F130,2AA1F1D14E0,1,1,2
428383,81010,81C8AEAA0,2AA1E654770,1,1,2
428506,28098,815FEDFC0,2AA1F1467E0,1,1,2
428579,73812,81AF679D0,2AA20546B30,1,1,2
429049,12822,8060E90D0,2AA1E8F3E50,1,1,2
429604,82394,812FD1D60,2AA1E9C6BB0,1,1,2
430057,6693,81DC04E40,2AA1F7FE4F0,1,1,2
430184,7155,81DB4B5E0,2AA1D315330,1,1,2
430483,114555,80C200930,2AA1F2AF960,1,1,2
431344,100601,801FC0C90,2AA1EBF61D0,1,1,2
431592,64580,809784D40,2AA205A5240,1,1,2
431994,119327,8109401A0,2AA1E8CA570,1,1,2
432058,81280,802D31330,2AA205AA620,1,1,2
432145,89187,804533740,2AA1CBB6420,1,1,2
432506,72683,81BAB14A0,2AA1F787650,1,1,2
435279,32192,8034FBEE0,2AA1CBA8D20,1,1,2
436680,14111,81F7247C0,2AA1EB0ED10,1,1,2
437093,18992,80AF9AAB0,2AA1EF2E8F0,1,1,2
437114,59451,80611F330,2AA1E547550,1,1,2
437346,32143,8281E2370,2AA207338C0,1,1,2
437558,29877,81E4152A0,2AA1D83E7F0,1,1,2
437671,103720,8026B7C40,2AA1E1DE6F0,1,1,2
437968,106679,80084B510,2AA1EDA1D50,1,1,2
438769,82394,8011D1650,2AA1E6640F0,1,1,2
439064,82588,80A6C5DA0,2AA1EB239B0,1,1,2
439725,118142,8166EF4C0,2AA2042E0B0,1,1,2
440172,25701,80EF4AC30,2AA1EFD61E0,1,1,2
440476,57642,80E456380,2AA1E656470,1,1,2
441262,68739,802A3C2D0,2AA2080FF00,1,1,2
441322,88328,80ACB97D0,2AA1EFF2A60,1,1,2
441549,97538,810D3D610,2AA1F2F1AA0,1,1,2
442100,59902,815EA4C90,2AA20727D60,1,1,2
442575,86501,804AC2980,2AA1D0FDC40,1,1,2
442630,108539,8030A9D10,2AA1E434430,1,1,2
442775,80710,806384930,2AA1D0DB9E0,1,1,2
442969,108539,812EA9D60,2AA1E437B50,1,1,2
443138,115268,809987F10,2AA2028B110,1,1,2
443714,33472,818B587A0,2AA1F639F30,1,1,2
444140,85608,80F6B3890,2AA1F026440,1,1,2
444310,93965,804033F30,2AA1D006F80,1,1,2
444504,9681,820EC72F0,2AA206529A0,1,1,2
444610,49671,819A5C000,2AA1D5D14F0,1,1,2
444668,51914,80BA15390,2AA1F039BA0,1,1,2
444698,8986,81756CF20,2AA1F67A8B0,1,1,2
444846,38969,82B06EA40,2AA1FBBA390,1,1,2
445442,75673,81D311270,2AA1F869EC0,1,1,2
445564,80188,80412C810,2AA2048EFB0,1,1,2
446002,52908,806294870,2AA1E454450,1,1,2
446623,27147,816DA0110,2AA1D01E320,1,1,2
446693,60506,80FFC90B0,2AA1F35AC90,1,1,2
447119,20253,812247E90,2AA1F400F70,1,1,2
447542,30027,80C543900,2AA1EE7C180,1,1,2
447695,34401,81EA2D2A0,2AA205AEBA0,1,1,2
447912,85640,807075C50,2AA1E22CE10,1,1,2
448289,85764,8004D67B0,2AA1E6E03D0,1,1,2
448601,16523,80092B080,2AA1E8E7DF0,1,1,2
450001,120494,8064A4D60,2AA1E7CA2F0,1,1,2
450124,91602,8116AFA80,2AA1F0E93A0,1,1,2
450246,81772,80E0E5010,2AA1D6124B0,1,1,2
451300,58210,8015D69A0,2AA1E167570,1,1,2
452484,122151,80BE6A5D0,2AA1EC246B0,1,1,2
453103,51558,8076B5CF0,2AA1E3F8A70,1,1,2
453163,74314,806B1F280,2AA1EF4AB20,1,1,2
453292,89716,81836B520,2AA1E8C4FB0,1,1,2
453430,84168,8083B79C0,2AA207924A0,1,1,2
453679,64580,808C05700,2AA20665940,1,1,2
453702,64200,806159800,2AA1E385870,1,1,2
453725,44293,80ACA3900,2AA1EFA1A20,1,1,2
454111,98546,800F32C60,2AA1E2310F0,1,1,2
454311,83271,805E2F310,2AA1E4BAD50,1,1,2
454312,29318,803682210,2AA1E3247B0,1,1,2
454576,45016,802092ED0,2AA1CC02880,1,1,2
454807,25097,80262EA10,2AA1E269AB0,1,1,2
455164,92646,81E130970,2AA205CDE40,1,1,2
456106,10451,80879CBD0,2AA1F021100,1,1,2
456789,62331,800FD3800,2AA1E4D7590,1,1,2
456971,112198,80BF0BAB0,2AA207AC6C0,1,1,2
456996,57176,803685230,2AA1CF94820,1,1,2
457203,858,80D3940F0,2AA206FF5F0,1,1,2
457308,115439,80EFEF390,2AA1F267BE0,1,1,2
457315,79482,82287DD10,2AA1F8C5060,1,1,2
457428,61976,803896020,2AA1CF50E80,1,1,2
457536,82630,80B101FC0,2AA1CFDF560,1,1,2
457617,105558,80F09C260,2AA1F3892E0,1,1,2
458096,1213,800BBF9D0,2AA1EC14F30,1,1,2
458474,91602,80F5282B0,2AA1F13C9C0,1,1,2
458857,30027,809CC4C20,2AA1EB9EF90,1,1,2
459093,41589,80F6606D0,2AA1CCA8B20,1,1,2
459214,94751,80334F370,2AA1E32BAF0,1,1,2
459516,54327,8019EC9C0,2AA20809320,1,1,2
459910,103282,80646C420,2AA1E4C0E30,1,1,2
460639,60827,80A09C060,2AA206ECF70,1,1,2
460909,106144,81656D320,2AA1F55A620,1,1,2
460941,85937,81F799DB0,2AA1EE67D00,1,1,2
461227,108907,807C955F0,2AA206CFC90,1,1,2
461433,85764,8010D14B0,2AA1ED18890,1,1,2
461720,59902,80F6A39F0,2AA20684C60,1,1,2
461827,53716,8027B0600,2AA1E3EAED0,1,1,2
462003,96875,8059F8330,2AA20720BA0,1,1,2
462946,97335,80BFA8A20,2AA1E7E7350,1,1,2
463202,43870,820995FE0,2AA1E1F65D0,1,1,2
463335,108711,805C5CC00,2AA20762FA0,1,1,2
463940,97716,80009C410,2AA1F545310,1,1,2
463954,73812,805CE1A90,2AA1CE11760,1,1,2
464012,58228,82C21D4A0,2AA1F21C5C0,1,1,2
464059,13412,818FF0130,2AA204365B0,1,1,2
464196,49676,80BACA250,2AA1E9D6B10,1,1,2
464842,15126,8233B48F0,2AA1F950300,1,1,2
464987,88108,807C22210,2AA1D351350,1,1,2
464989,27823,811C563A0,2AA2056B120,1,1,2
465334,13407,821888E80,2AA1ED363B0,1,1,2
465794,37433,801454BF0,2AA1CACBCA0,1,1,2
465844,40984,805DD4200,2AA1EF5CB00,1,1,2
465861,85764,800851910,2AA1EE9A960,1,1,2
465894,63581,81F21B510,2AA1ECB00B0,1,1,2
465906,34505,80A631990,2AA1CC54CA0,1,1,2
466775,12145,800BBF7F0,2AA1E1B9B30,1,1,2
466907,15174,818F50010,2AA1F59AEA0,1,1,2
466968,20308,810965820,2AA1E508DF0,1,1,2
467146,27046,80C0745D0,2AA1E271330,1,1,2
467570,92973,8090E9C40,2AA2040B2F0,1,1,2
467789,79056,800C9CF70,2AA205B7120,1,1,2
468415,62331,807BD3390,2AA1EDD3FF0,1,1,2
468427,97716,82281C890,2AA1F8892D0,1,1,2
468614,44293,80DCA4FC0,2AA1EFA4360,1,1,2
469004,111618,8234AB1A0,2AA1D33CD30,1,1,2
469250,87649,806F1C0E0,2AA1EF1E4B0,1,1,2
469610,103153,8081294B0,2AA1D330810,1,1,2
470016,17133,8160E70A0,2AA1E5E7770,1,1,2
470287,100371,80B981CE0,2AA1D455A90,1,1,2
470864,80616,80A010200,2AA206D9DB0,1,1,2
471082,91173,80E4D4AB0,2AA20764500,1,1,2
471194,68244,80DB1C5D0,2AA1F387420,1,1,2
471224,98546,801835F60,2AA1EB14990,1,1,2
471369,94263,82CFE1980,2AA1EBC3E90,1,1,2
471533,105654,819A85E30,2AA1E8CAE70,1,1,2
471716,88328,80833E9E0,2AA1EF36380,1,1,2
472132,80050,82F798540,2AA1FD85770,1,1,2
472593,19580,818BA33B0,2AA1D6FFB10,1,1,2
472948,27823,81B357B90,2AA207B1780,1,1,2
473246,3100,8039B8050,2AA2081D720,1,1,2
473466,4491,81792D700,2AA1EAC3930,1,1,2
474176,111326,801821330,2AA1CB5A660,1,1,2
474238,106679,8071CC9C0,2AA1E190ED0,1,1,2
475533,106169,81374C690,2AA1F3C39D0,1,1,2
475877,113446,8002BB7F0,2AA1EABE610,1,1,2
476160,87015,807863B30,2AA2064B9A0,1,1,2
476578,87649,800D1DF10,2AA1EF1A550,1,1,2
476689,84060,81CF0EBB0,2AA206C6010,1,1,2
476861,59150,80C1F51E0,2AA1EFF6120,1,1,2
477371,77116,80A218050,2AA1D335AB0,1,1,2
477459,1509,803A1D370,2AA1E24B2B0,1,1,2
477540,32562,81D37F100,2AA1F801E30,1,1,2
478339,76207,82049F9E0,2AA1E8A82D0,1,1,2
478638,120692,8116D7BA0,2AA1E271990,1,1,2
479118,59150,80CBF5410,2AA1EF7B160,1,1,2
479221,27818,810277430,2AA1F356BF0,1,1,2
479332,35232,80270F8C0,2AA1E2F4250,1,1,2
479448,75134,81B3DE060,2AA20668EC0,1,1,2
479510,24701,812ED8F70,2AA202392D0,1,1,2
480088,2820,81B0D2B10,2AA2057B580,1,1,2
480163,19477,800F4BB20,2AA205E84A0,1,1,2
480838,58210,8008504D0,2AA1EBCCF70,1,1,2
482134,107662,8192E0090,2AA1D60C5F0,1,1,2
482250,83271,8068A97B0,2AA1E4BB050,1,1,2
482293,7428,8050722C0,2AA1E406670,1,1,2
483474,93220,80984A3F0,2AA1EDD0750,1,1,2
483576,94432,80F45BB00,2AA1E7F3850,1,1,2
483644,18992,80089DC90,2AA1E0ECD60,1,1,2
483732,50630,80AEBAC20,2AA1F00D900,1,1,2
483743,87015,8026E32A0,2AA1CCBFBC0,1,1,2
483822,48045,829FA6AC0,2AA1FC69060,1,1,2
484156,46782,8048BD010,2AA206F0F90,1,1,2
485113,98315,81D907700,2AA1EB69C30,1,1,2
485333,92903,800524FB0,2AA1CB268C0,1,1,2
485372,27473,805B4E340,2AA1E1724B0,1,1,2
485630,88387,807187180,2AA20410110,1,1,2
485825,79056,80041D930,2AA20651360,1,1,2
485897,64865,81823A740,2AA1D7E4390,1,1,2
486189,76000,801616F90,2AA1EBB4250,1,1,2
486371,61047,80AA87830,2AA205AB900,1,1,2
486548,111326,8098A1F60,2AA2077E560,1,1,2
486572,61137,815235960,2AA1F4B89A0,1,1,2
486589,81241,803840060,2AA1CE626E0,1,1,2
487204,21483,81BBB7080,2AA1F816DC0,1,1,2
487380,94751,806D4EF30,2AA1ED650B0,1,1,2
487951,82273,80BA9A130,2AA1E4D37F0,1,1,2
487968,63852,801E6FAC0,2AA202017F0,1,1,2
487971,97570,8146F8440,2AA1F4F2D60,1,1,2
488104,46426,8111A6AE0,2AA1F318000,1,1,2
489093,17581,800E221D0,2AA1E731770,1,1,2
489176,91805,81C6EA460,2AA1D426350,1,1,2
489329,77605,80E343A10,2AA2082C2A0,1,1,2
490619,37433,807DD6240,2AA1CAD1160,1,1,2
490620,64580,804F00B50,2AA20708AF0,1,1,2
490660,99089,80AFA99D0,2AA1E273EB0,1,1,2
491607,12822,80C3ED640,2AA1E7CA3B0,1,1,2
491690,25265,8066A0350,2AA1D29FB00,1,1,2
491924,38780,81F73C810,2AA1D6A5910,1,1,2
491975,30773,815F4CEA0,2AA2046F710,1,1,2
492361,107662,81A463A80,2AA207CA460,1,1,2
492497,27717,801D98820,2AA20844490,1,1,2
492582,96145,814F49D30,2AA1EB1B1D0,1,1,2
492640,55705,80456A2C0,2AA20756EA0,1,1,2
492713,116285,808994750,2AA1E3B4210,1,1,2
492875,74943,802720A00,2AA1EB0D070,1,1,2
493074,100078,8028966B0,2AA207A6B20,1,1,2
493420,97716,80009E700,2AA1F545370,1,1,2
493686,13290,818BEA5C0,2AA206A5F60,1,1,2
494035,53716,802DB2790,2AA1E3EB350,1,1,2
494523,71891,81C18F110,2AA1FE30A50,1,1,2
495007,62820,818393200,2AA1D534710,1,1,2
495206,92540,814AE3330,2AA1F473DC0,1,1,2
495281,74454,805B2EEC0,2AA1CE09F40,1,1,2
495478,114453,8017A7470,2AA1E239A50,1,1,2
495672,89187,800AB76A0,2AA2021B230,1,1,2
496010,8290,81B196270,2AA1CF38B60,1,1,2
496322,13845,809B1E640,2AA1E202290,1,1,2
496731,7142,8199EB730,2AA206E25F0,1,1,2
496806,92167,8063566C0,2AA1E64DD30,1,1,2
496979,17501,80E3C0EF0,2AA1F183660,1,1,2
497213,49395,8149A4630,2AA1F457B00,1,1,2
497596,27047,81AF69090,2AA1FEA4700,1,1,2
497707,58520,81C74F7B0,2AA1E3A5A70,1,1,2
498102,121708,812D75810,2AA1F5073C0,1,1,2
499089,26217,8152E5180,2AA1E148790,1,1,2
499388,42437,81AE1BFD0,2AA1F6C05D0,1,1,2
499855,1509,80611ED40,2AA1E108B80,1,1,2
500109,64580,807100080,2AA1CE72B60,1,1,2
502023,81566,800755870,2AA1EE25570,1,1,2
502336,32192,8086FF8B0,2AA1CBAAD00,1,1,2
502383,23354,8156C24C0,2AA1E5ACC10,1,1,2
502467,87649,80189E050,2AA1EF1AF10,1,1,2
503080,76000,800295FF0,2AA1EB45C70,1,1,2
503507,19477,8028C81D0,2AA20657340,1,1,2
503540,119123,8098817E0,2AA1E846F90,1,1,2
503738,23444,80033B200,2AA1CAAB560,1,1,2
503923,91086,817C9E230,2AA1F5EED50,1,1,2
504526,97389,819D5BA50,2AA1D039700,1,1,2
505411,85854,81F6CB2B0,2AA20136D30,1,1,2
505696,10730,80A30C970,2AA1E9B7D70,1,1,2
506126,106693,811F7A9E0,2AA1F26C180,1,1,2
506262,31433,801155710,2AA1E277170,1,1,2
506580,31413,8047F5150,2AA1D0C8000,1,1,2
506902,77104,816ED8C30,2AA207E1940,1,1,2
507500,106082,8113A65C0,2AA1F0B9BC0,1,1,2
507768,92319,81C05F700,2AA1D6F1510,1,1,2
508166,55705,81246B3F0,2AA2077FCC0,1,1,2
508306,34838,800643790,2AA2074B220,1,1,2
508524,90776,8143CAFC0,2AA1F449410,1,1,2
508625,45814,8136DA050,2AA1F481300,1,1,2
508704,19477,8005C9EE0,2AA1CB32CA0,1,1,2
508753,84395,8028095F0,2AA2014B170,1,1,2
509026,26817,816494BB0,2AA1E157BD0,1,1,2
509134,76000,8006941D0,2AA1E13C230,1,1,2
510503,78590,80259FEB0,2AA202C6E50,1,1,2
510923,63443,811F3C790,2AA1D282700,1,1,2
511136,54534,8237F68D0,2AA1F9080C0,1,1,2
512433,55659,827FC0C00,2AA1ECAE090,1,1,2
512843,68891,82355B4E0,2AA1FAB5E50,1,1,2
513198,74988,80970DEC0,2AA1ED09810,1,1,2
513853,36931,8125F4160,2AA1EBB80D0,1,1,2
513958,102664,804669700,2AA1EB8E630,1,1,2
514062,13605,80E7AF990,2AA1F1A8600,1,1,2
514097,116464,80E383B20,2AA1ECBAAF0,1,1,2
514281,69522,81F26FCD0,2AA20553C70,1,1,2
514290,67206,807C28CD0,2AA204497F0,1,1,2
514593,27717,805C993A0,2AA20692260,1,1,2
514674,74032,814B97030,2AA1F4BE4C0,1,1,2
514789,8877,816DE0950,2AA1F5E4960,1,1,2
514906,94530,812CCB2F0,2AA1F42DB70,1,1,2
515138,23823,81839CAB0,2AA1EDBD150,1,1,2
515270,66296,80E3AC850,2AA1EF89540,1,1,2
515423,94068,809C6A1F0,2AA1CC5DF00,1,1,2
515666,55804,80CF91430,2AA1EFCA620,1,1,2
515746,76998,8244E1A50,2AA1F885D90,1,1,2
515998,7155,81694EA10,2AA2052E950,1,1,2
516349,10542,80DE606E0,2AA1F0CAF80,1,1,2
516615,87856,8049AE9A0,2AA1E5AFF30,1,1,2
517518,75042,80EA04A90,2AA2074AC60,1,1,2
517925,10515,80DC4A170,2AA1F0FD240,1,1,2
518129,101323,802227130,2AA206E5590,1,1,2
518508,98546,801E36D80,2AA1E232410,1,1,2
518656,15634,800CAFDB0,2AA1EEBF340,1,1,2
518745,97845,803A54740,2AA20785C20,1,1,2
519265,23300,819A08CC0,2AA1E776510,1,1,2
519696,63852,80236D9A0,2AA1CBF8660,1,1,2
519843,82394,8023D45D0,2AA1EBCE350,1,1,2
520078,79504,801250600,2AA1E315170,1,1,2
520484,82630,817F02170,2AA1CFE0C40,1,1,2
521107,32192,80A97EB10,2AA20815000,1,1,2
521540,81128,80E59C100,2AA205AF4A0,1,1,2
521573,100292,801B25080,2AA1E2865D0,1,1,2
522156,59647,81D004790,2AA205CF280,1,1,2
522294,59195,807A8E830,2AA1CBDA300,1,1,2
523473,83634,8185DAAE0,2AA20697A20,1,1,2
523976,27360,822E3EBE0,2AA1EBDB990,1,1,2
524122,41589,81FC5C680,2AA1CCAA6E0,1,1,2
524290,37348,806359530,2AA1E6F2EF0,1,1,2
524450,48383,814096C50,2AA1F3A2DB0,1,1,2
524562,56107,812AF81F0,2AA1F3DAEB0,1,1,2
524827,85764,80796D2B0,2AA1E15FC30,1,1,2
525116,44907,809E81F80,2AA1E1A7CD0,1,1,2
525303,58464,8188C4D30,2AA1E20A2F0,1,1,2
525342,91196,80865C5C0,2AA207A57A0,1,1,2
525468,94068,8017D5BD0,2AA1CC594C0,1,1,2
525766,119863,802C7DE20,2AA1E938390,1,1,2
525800,113629,80275E030,2AA20703FD0,1,1,2
525981,4815,817651060,2AA1EE24C50,1,1,2
526712,24617,800537610,2AA1CB0C540,1,1,2
526738,104664,80E1306A0,2AA1EF3D600,1,1,2
527381,52975,817A37540,2AA1F522BD0,1,1,2
527554,121711,804AC2260,2AA2040FBD0,1,1,2
527789,38572,8086916A0,2AA1E9E75F0,1,1,2
527971,71821,8034292D0,2AA203F0BB0,1,1,2
528052,59302,800837560,2AA1EDE64F0,1,1,2
528134,45595,80ECD7A00,2AA206D8CB0,1,1,2
528190,90947,811FE0E10,2AA1F314080,1,1,2
528611,91173,80A0682F0,2AA2065EB20,1,1,2
528701,99164,800D8F280,2AA1E1F71D0,1,1,2
529490,40794,806F8B440,2AA1E13F0B0,1,1,2
529824,92695,80B200F90,2AA1D0E2960,1,1,2
530009,22957,80BC57B40,2AA1E86FDF0,1,1,2
530079,117889,812B83550,2AA1F480AC0,1,1,2
530083,63649,81D0E0550,2AA1EBA0510,1,1,2
530094,116468,815B9B1D0,2AA2079C2E0,1,1,2
530563,122074,804FAADD0,2AA1FF2F230,1,1,2
530590,55624,8048D30D0,2AA20461CB0,1,1,2
531085,59451,80A525750,2AA1ED05810,1,1,2
531175,27147,81AD1BFE0,2AA2042EFB0,1,1,2
531388,48841,815E20B20,2AA1F5BA2E0,1,1,2
531696,78590,803AA0360,2AA1CA95370,1,1,2
531822,85240,8034FB580,2AA205259F0,1,1,2
531934,98277,8104539A0,2AA1F05C700,1,1,2
532168,27717,801E262D0,2AA1CABEDE0,1,1,2
532785,90157,80BC6A4F0,2AA1E46A670,1,1,2
532849,112569,814A1C700,2AA1EA3C1F0,1,1,2
533758,66810,80923C8E0,2AA1D1B10C0,1,1,2
534248,27717,8045A60E0,2AA206D20D0,1,1,2
534328,4671,806020AF0,2AA1EF3DF00,1,1,2
534505,89714,80225EBA0,2AA1EC5E810,1,1,2
534878,84395,800536B70,2AA1CAFFE00,1,1,2
535198,101997,815410350,2AA1ED95DF0,1,1,2
535211,26072,80A4A0650,2AA1F0B3CC0,1,1,2
535251,46782,8015007D0,2AA1CB8BEE0,1,1,2
535870,51914,80B6AEAF0,2AA1F039480,1,1,2
535941,19967,80BE06280,2AA1E5235F0,1,1,2
535967,16963,840535910,2AA205B4E60,1,1,2
536077,116464,80733CEB0,2AA1E65BF50,1,1,2
536121,24617,8018B7F40,2AA203B2EB0,1,1,2
536467,8986,816157510,2AA1F663AB0,1,1,2
536904,95288,826FDDD00,2AA1EC26830,1,1,2
536992,57548,80040AF10,2AA1EDBAC50,1,1,2
537283,85640,800BCE5D0,2AA1E229030,1,1,2
537481,17289,80A9B8F80,2AA1E9365F0,1,1,2
537592,46578,81C798920,2AA1F6EF1F0,1,1,2
538063,122151,80B9D11A0,2AA1EEAEC20,1,1,2
538110,37433,802E68CA0,2AA1CACEB80,1,1,2
538354,52431,822F8F660,2AA1D6F5850,1,1,2
538439,92305,804260900,2AA1EC78730,1,1,2
538554,121021,812426D90,2AA1E993E30,1,1,2
538978,75454,8150B7780,2AA2045F970,1,1,2
539132,79956,807AC65B0,2AA2028EED0,1,1,2
539320,96106,80BFCF850,2AA1E9E56D0,1,1,2
539733,21059,8058EFF30,2AA1E579850,1,1,2
539887,25604,81D5B98E0,2AA1F839500,1,1,2
539945,88954,815C1B5E0,2AA1D010D20,1,1,2
539948,70161,81D2F0470,2AA1F7F4450,1,1,2
539967,91437,808F40D70,2AA20750B00,1,1,2
541352,88954,81849B640,2AA1D011260,1,1,2
541425,31413,80A84B350,2AA1D0C9F80,1,1,2
541805,23444,800E04F40,2AA204758B0,1,1,2
541923,101997,812F91CE0,2AA1EAA6D70,1,1,2
542471,118304,8030D9760,2AA1EC63110,1,1,2
542744,39320,82006D6A0,2AA1F0F20E0,1,1,2
543510,70491,80E5FDF70,2AA1F1F6F20,1,1,2
543543,112476,8175735F0,2AA1F5B25E0,1,1,2
543731,104698,802E1D420,2AA20848C70,1,1,2
544365,92903,801D98650,2AA2069BD80,1,1,2
544581,25142,803311F80,2AA1CC657E0,1,1,2
544811,70639,810710AC0,2AA1E5B1490,1,1,2
544869,4745,800D07150,2AA1EDE64F0,1,1,2
544967,40431,8187A60F0,2AA206A9BE0,1,1,2
545433,114514,8103F8FE0,2AA1F0E36E0,1,1,2
545824,33748,80CFE53C0,2AA1F0AD400,1,1,2
546801,36605,8058EA130,2AA1E2FC370,1,1,2
546896,58228,829520BD0,2AA1F23F080,1,1,2
547134,30773,8013F3480,2AA1CC15400,1,1,2
547576,86501,815B78370,2AA1D0FFDA0,1,1,2
547902,116103,802B3E5D0,2AA1E56CA70,1,1,2
548401,111326,809F1DBD0,2AA1CB5F400,1,1,2
548488,2820,80B06E5F0,2AA2056C9A0,1,1,2
548831,50455,8034234C0,2AA1CF095E0,1,1,2
548892,106144,8180D0D50,2AA1F55D2C0,1,1,2
548967,45120,823825E60,2AA1DA1D5B0,1,1,2
550316,98306,81D8D2940,2AA207C13A0,1,1,2
550938,79956,81BDC6960,2AA2064ABA0,1,1,2
550958,19297,81C69AB60,2AA1EB75550,1,1,2
550963,97335,802595060,2AA1E408490,1,1,2
551047,111641,804C10080,2AA20516390,1,1,2
551399,46637,8221CD650,2AA1ECD64B0,1,1,2
552134,26294,812512A10,2AA1EDA3B10,1,1,2
552169,1509,800F21A90,2AA1E105CA0,1,1,2
552618,58228,8217A0D90,2AA1F1DCE20,1,1,2
552680,23444,800384220,2AA2073F6C0,1,1,2
553338,85529,80F9386C0,2AA1EF6BDC0,1,1,2
553342,11088,801169BC0,2AA1E2CEAD0,1,1,2
553609,107764,803358000,2AA1CEE6020,1,1,2
553728,27364,8245AD520,2AA1F9C9620,1,1,2
554119,115319,80BD34290,2AA1EED3C60,1,1,2
554354,91602,80FB15CC0,2AA1F13CD20,1,1,2
554560,76049,812F9B9F0,2AA1CF060E0,1,1,2
555713,121708,812CC91A0,2AA1F40A4F0,1,1,2
556373,54664,815E22C40,2AA1F533AD0,1,1,2
556927,54664,821FA2FD0,2AA1FA55AD0,1,1,2
558243,16121,800187D20,2AA1E19D7F0,1,1,2
558453,37433,80056A0D0,2AA2073CFA0,1,1,2
558464,36572,820A87350,2AA205B0B00,1,1,2
558678,79956,802EC5100,2AA20689440,1,1,2
559306,59902,80379D9A0,2AA20387230,1,1,2
560008,30773,803270950,2AA1CC18B20,1,1,2
560457,37798,81A82A8D0,2AA1F6BA790,1,1,2
560606,116572,8124956F0,2AA1EAC5930,1,1,2
560951,108433,82F8FCD50,2AA1FD2FC20,1,1,2
561056,52908,811DADB70,2AA1ED6CC10,1,1,2
561343,92054,815D6BEB0,2AA1D15DE40,1,1,2
561446,81897,80A430150,2AA206E22F0,1,1,2
562224,16387,808070010,2AA1E79F9B0,1,1,2
562408,111881,80BD60DC0,2AA1E3AE850,1,1,2
562416,72624,806007050,2AA1F34C750,1,1,2
562481,34401,801E94250,2AA1CC7FC40,1,1,2
562521,103898,800C3FBE0,2AA20533570,1,1,2
563585,97389,8138E7C60,2AA1D038F20,1,1,2
563775,74047,81225E810,2AA1F3F0C50,1,1,2
563915,54096,804BE9DC0,2AA205C82A0,1,1,2
564217,111326,80089EB80,2AA20679A80,1,1,2
564301,16463,813213EA0,2AA1F499700,1,1,2
564699,103898,80153F5F0,2AA1CB66380,1,1,2
565394,86611,8245685A0,2AA1ED64C30,1,1,2
565400,16413,80D8CA620,2AA1CFF4920,1,1,2
565726,85640,800DCC1F0,2AA1E229630,1,1,2
566484,18992,807422DA0,2AA1E0F1980,1,1,2
566601,116441,80DC3C1C0,2AA1F035560,1,1,2
566605,58001,800D50D40,2AA1E240AF0,1,1,2
567359,3142,825C9E880,2AA1EA1B310,1,1,2
567486,73952,808299E20,2AA1E72E330,1,1,2
567551,57501,81CBB13B0,2AA2069AF80,1,1,2
567562,4671,8006A2DB0,2AA1EF32600,1,1,2
567826,28098,811F55770,2AA1F1465A0,1,1,2
568006,122145,815AF78A0,2AA1CD247C0,1,1,2
568121,32611,8211150C0,2AA1ED28310,1,1,2
568264,64522,804DB2DE0,2AA1E3C6A50,1,1,2
568279,49341,81625B260,2AA1CC723A0,1,1,2
568497,16272,81AC20E20,2AA1F852980,1,1,2
568875,9085,806F81F80,2AA1EA50730,1,1,2
569086,15701,822869EB0,2AA202BE8B0,1,1,2
569174,59338,803DBFB40,2AA1CBCC420,1,1,2
569239,97845,8042E95D0,2AA1CE54120,1,1,2
569683,86604,800AD24C0,2AA1CBDEFA0,1,1,2
569991,7484,82B9DBF20,2AA1FC49730,1,1,2
570154,74916,8004B3F40,2AA20396B10,1,1,2
570547,33830,819EBC4A0,2AA1E8CBB90,1,1,2
571880,34045,803BE1F70,2AA1EAE2B90,1,1,2
571899,24729,80924D1F0,2AA1E498070,1,1,2
572181,78590,800423B40,2AA206AD100,1,1,2
572410,69726,80823F4F0,2AA1E47E230,1,1,2
572524,107469,812CD2E90,2AA1F3D9C50,1,1,2
572677,80616,8177AFDB0,2AA1CC12500,1,1,2
573458,25142,802693BF0,2AA1CC649A0,1,1,2
573592,48873,81016AEA0,2AA1F379630,1,1,2
574078,106679,81E0F2B90,2AA1E193210,1,1,2
574428,80175,80D272870,2AA1F334DB0,1,1,2
575402,18992,8006A3260,2AA1F109600,1,1,2
575528,82273,81AD24B00,2AA1EBAEAF0,1,1,2
575863,61976,8120A9450,2AA2062C4C0,1,1,2
575882,7155,80D9724D0,2AA1D3137D0,1,1,2
575901,99762,8318F7BE0,2AA1FE6FEB0,1,1,2
576193,24617,8151347B0,2AA20811C00,1,1,2
576752,109886,814802340,2AA1F377A70,1,1,2
576951,54779,81D5CFD80,2AA1EB8D050,1,1,2
577014,30773,8156F1A00,2AA1CC1C7E0,1,1,2
577280,89187,80130A6C0,2AA1CBB2160,1,1,2
578166,104305,8216FEDA0,2AA1DA132D0,1,1,2
578168,38642,815EAC820,2AA1D3618B0,1,1,2
578626,37433,8003EB490,2AA1CAC8880,1,1,2
578627,14800,8130B6920,2AA1ED8D8B0,1,1,2
578810,110120,8040891C0,2AA2080B180,1,1,2
579055,106679,8009F2080,2AA1EE298B0,1,1,2
579240,112941,806808820,2AA1E61FF90,1,1,2
580000,79461,80EFDA970,2AA1F9A2480,1,1,2
580017,113446,800405DF0,2AA1EBCE710,1,1,2
580166,78590,8004A3310,2AA1CA8F970,1,1,2
580694,37762,80A279E10,2AA1E358910,1,1,2
580697,120496,80B360B10,2AA1D2B2E20,1,1,2
580864,18992,8047A3FC0,2AA1EF27F30,1,1,2
581005,10451,812024D70,2AA1EF4A3A0,1,1,2
581275,30003,818C61430,2AA1F636F10,1,1,2
581387,103814,8162B7950,2AA1FAAB850,1,1,2
582138,21858,80BF8CF10,2AA1E8E7EB0,1,1,2
582511,103898,80423E770,2AA202EB710,1,1,2
582632,19477,806375790,2AA1CB39B40,1,1,2
582653,93841,81261E8A0,2AA2062CEE0,1,1,2
582682,73134,828195820,2AA1F143280,1,1,2
582933,12859,80CF3ACE0,2AA1E24B0D0,1,1,2
583146,16523,800693490,2AA1E1813D0,1,1,2
583223,69447,820805930,2AA205666B0,1,1,2
583934,45903,808F9F1D0,2AA1E552870,1,1,2
584130,52908,81202C000,2AA1E46CC50,1,1,2
584379,92695,804803540,2AA207EEC80,1,1,2
584418,112198,80D4347C0,2AA20798600,1,1,2
584933,106679,800472540,2AA1E18A5D0,1,1,2
585300,27823,802F695A0,2AA206D52F0,1,1,2
585340,87649,8006A32B0,2AA1EFEAFA0,1,1,2
586010,27213,811BD6A60,2AA2045BE10,1,1,2
586337,108177,8022DDB30,2AA1E3B7FB0,1,1,2
586822,106480,817A75EB0,2AA1F671230,1,1,2
587588,4326,809EED370,2AA1D156C80,1,1,2
587879,62036,8075EF540,2AA1D167600,1,1,2
588014,72665,804BFB370,2AA204C9270,1,1,2
588075,92646,80700F7F0,2AA1D2D8B10,1,1,2
589114,76049,81361E400,2AA2059B0A0,1,1,2
589256,89714,8048DA5A0,2AA1E3BFD10,1,1,2
589509,6742,81D0009E0,2AA206F7730,1,1,2
589569,34541,8078208F0,2AA20771080,1,1,2
589838,14309,810EBB3C0,2AA1F206A40,1,1,2
590569,12822,802CD7770,2AA1E3914F0,1,1,2
590571,58001,800BD65F0,2AA1E240130,1,1,2
590601,57921,80899E800,2AA1ECDD070,1,1,2
591072,38572,8011950F0,2AA1EC470B0,1,1,2
591182,61140,810711E80,2AA1E978DD0,1,1,2
591892,67144,801D0D4B0,2AA1CC33EE0,1,1,2
592252,120549,81BFE1B10,2AA1F8524E0,1,1,2
592276,77179,81A62BB10,2AA1DA5FF50,1,1,2
592359,50167,8141D8C30,2AA1F468FC0,1,1,2
592435,65544,80913A440,2AA1FDA4AD0,1,1,2
592677,79056,80D724000,2AA1CA894C0,1,1,2
593697,81241,804C79B90,2AA2048C590,1,1,2
593862,24759,813C518C0,2AA206531E0,1,1,2
594224,22428,801E0D690,2AA1CBBF680,1,1,2
594298,34838,801B78220,2AA1CB73BA0,1,1,2
594526,85402,8011A4750,2AA1CAA0620,1,1,2
594625,6912,8094E8370,2AA207AA800,1,1,2
595712,97333,808E9A600,2AA20606980,1,1,2
595785,740,851924090,2AA206CDC90,1,1,2
595870,45712,80EED6120,2AA1F1FD940,1,1,2
595984,64781,80C7D8FC0,2AA206C17B0,1,1,2
596709,97845,8017EF2F0,2AA1CE537C0,1,1,2
597127,116910,8085F1760,2AA1CE384A0,1,1,2
597147,62331,80256B1F0,2AA1EC47D10,1,1,2
597751,62528,807D8CC00,2AA205BA620,1,1,2
597788,21784,81F25D790,2AA20273750,1,1,2
597891,35302,804BFEE20,2AA1CB9D300,1,1,2
598027,19024,80FB6F3C0,2AA1F1B8FC0,1,1,2
598105,116103,80A63B650,2AA1E34A890,1,1,2
598128,7470,8007183E0,2AA1EB4BA10,1,1,2
598526,99576,806B401C0,2AA1F286480,1,1,2
598830,100292,801A9E490,2AA1ED6D470,1,1,2
599112,37165,81672FDD0,2AA1F58C9A0,1,1,2
599260,46782,8015040F0,2AA1CB8BF40,1,1,2
599581,27717,800122740,2AA1CAB88A0,1,1,2
600377,8359,82B027AA0,2AA1FE5AF70,1,1,2
600505,86584,803A34E40,2AA1E8D9AD0,1,1,2
600886,70487,81B474B20,2AA2024D910,1,1,2
600940,82616,80C89E2A0,2AA1D50F330,1,1,2
601160,42437,81AC21BE0,2AA1F73FF30,1,1,2
601171,101398,81BC05F60,2AA1F7B6EF0,1,1,2
601349,72821,8098C8B90,2AA1EBA3B30,1,1,2
601426,51652,805EC9D20,2AA1EE43230,1,1,2
601818,37433,80036CD90,2AA20663120,1,1,2
602256,66296,80CE17FF0,2AA1F093620,1,1,2
602536,21059,8150EA140,2AA1E57C2B0,1,1,2
603446,111076,806672C40,2AA1EC953D0,1,1,2
603622,65383,80BA20EE0,2AA1CF30B00,1,1,2
604116,12172,803E37260,2AA1E2E6470,1,1,2
604530,96608,8054BECD0,2AA1E6CE890,1,1,2
605053,92305,8023E48D0,2AA1E61F630,1,1,2
605196,31720,80F6A7570,2AA1D3BF970,1,1,2
605799,25142,801F15B10,2AA204CAA30,1,1,2
605813,18724,812EBD890,2AA1E6268B0,1,1,2
605818,19231,81B611D90,2AA1D1EF980,1,1,2
606249,25265,80941B200,2AA1D2A0400,1,1,2
606337,101698,818EE8120,2AA1E61D750,1,1,2
607292,80628,816512190,2AA1F4DF3A0,1,1,2
607439,105337,80BBBA2B0,2AA1E33C930,1,1,2
607822,26817,800CAEC10,2AA1E151E70,1,1,2
608072,62331,80126ACD0,2AA1E2A3450,1,1,2
608073,1509,8009253D0,2AA1E1048C0,1,1,2
608725,19477,80A073970,2AA1CB3A7A0,1,1,2
609486,6212,80C1EDDC0,2AA2054A690,1,1,2
610045,79056,801C25340,2AA207C7320,1,1,2
610059,94579,806889C40,2AA1E62D8B0,1,1,2
610118,52908,8028AABD0,2AA1E452350,1,1,2
610373,59338,8008B8210,2AA1CBC7A40,1,1,2
610504,25696,821FA5230,2AA1F890A90,1,1,2
610949,16796,81EC98420,2AA1D84E610,1,1,2
611038,19024,810BEEEC0,2AA1EF9DEC0,1,1,2
611254,63303,819F11AF0,2AA20669760,1,1,2
611305,42391,801893580,2AA1F2C7E40,1,1,2
611755,65078,814FC38F0,2AA1EDC15B0,1,1,2
611909,50167,813159190,2AA1F3E1A70,1,1,2
612246,1509,8002A5FE0,2AA1E102D00,1,1,2
612653,99089,803E921C0,2AA1E271B10,1,1,2
612825,39982,803316D70,2AA205C24C0,1,1,2
614293,98546,80460CBE0,2AA1EEB4C20,1,1,2
614380,81566,803CEEEF0,2AA1E5E9FB0,1,1,2
614731,74468,802A14BC0,2AA20712F50,1,1,2
614797,78590,800525150,2AA205B8CC0,1,1,2
615141,19477,8047F37B0,2AA2015DB10,1,1,2
615328,45703,804443D60,2AA1ECD98B0,1,1,2
615952,3170,81A825B00,2AA1F69CFD0,1,1,2
616091,87951,8051A6120,2AA1D069E60,1,1,2
616248,117118,818FF4250,2AA1F6017F0,1,1,2
616338,111641,8135940F0,2AA206D9AB0,1,1,2
617059,13033,81B8B85A0,2AA1F005520,1,1,2
617946,121716,81DA9D970,2AA1F87B0A0,1,1,2
618104,10542,80D6DA210,2AA1F0CA800,1,1,2
618133,41907,80B5A6620,2AA2012B030,1,1,2
618281,92695,8150856C0,2AA1D0E4100,1,1,2
619318,84434,80764A2D0,2AA1EC31150,1,1,2
619323,103898,803DB83D0,2AA205658D0,1,1,2
620034,10757,81440CE00,2AA1F4D00A0,1,1,2
620223,81897,802C34730,2AA20552450,1,1,2
620371,8404,80357AA60,2AA205BA860,1,1,2
620735,37213,817274BB0,2AA206F5A90,1,1,2
621095,21784,80F5DFC90,2AA2054CB10,1,1,2
621600,3150,80BF23510,2AA20400F50,1,1,2
621816,10622,817B1A2D0,2AA1F0EBA00,1,1,2
621933,49712,81919C660,2AA1F67CEF0,1,1,2
622076,97388,808D4E680,2AA1E85DF90,1,1,2
622873,57548,80088C2C0,2AA1E132130,1,1,2
623021,102368,802E32760,2AA1CCEC300,1,1,2
623213,12172,801134120,2AA1EE01250,1,1,2
623333,30584,8056F7140,2AA2029CF30,1,1,2
623825,76782,814C349B0,2AA1D191020,1,1,2
623891,115319,804D33940,2AA1E310AD0,1,1,2
624093,113947,81EF4FFF0,2AA1D75A7B0,1,1,2
624495,8229,821EC4150,2AA1ECEBC10,1,1,2
624551,26072,8009A6E60,2AA1EF02830,1,1,2
625103,104698,801C9A470,2AA2084F090,1,1,2
625465,116374,808903A50,2AA1E640C50,1,1,2
625767,98172,80C626320,2AA1EAA1030,1,1,2
626747,37009,822EEA210,2AA206ED690,1,1,2
627008,16121,8002839D0,2AA1E11B410,1,1,2
627120,85402,8005A6770,2AA208159C0,1,1,2
627963,78848,80BFB0C50,2AA1E624B70,1,1,2
628226,57396,801BFA790,2AA1E3628B0,1,1,2
628655,27360,82A638300,2AA1EBDBE10,1,1,2
628791,82630,80953B620,2AA1CFDF0E0,1,1,2
629088,40984,80D2EE270,2AA1EF61360,1,1,2
629621,26937,800BC7380,2AA1E1DC4D0,1,1,2
629643,57792,8100E4D80,2AA207EB6C0,1,1,2
629812,47147,80BA40030,2AA1ED596D0,1,1,2
630062,80918,8215F8B60,2AA1F858100,1,1,2
630070,16121,8001834E0,2AA1E11A690,1,1,2
630104,10918,822702FF0,2AA1F89B050,1,1,2
630551,24316,81EB30060,2AA20377590,1,1,2
630620,74075,8001A6B70,2AA1EC111F0,1,1,2
630975,27908,814427240,2AA1F47F3C0,1,1,2
631791,24031,8017B3780,2AA1E308BF0,1,1,2
631798,79056,800426980,2AA1CA80E20,1,1,2
631972,41145,8030599B0,2AA1CCC9060,1,1,2
633012,33162,809F508C0,2AA1EA6D390,1,1,2
633704,46395,816E9ECE0,2AA207FE080,1,1,2
633718,79056,800926860,2AA1E111490,1,1,2
633733,81566,81C7ED9F0,2AA1EEBC040,1,1,2
633840,29318,812BBF180,2AA1E327F90,1,1,2
633916,42391,8018903A0,2AA1F243800,1,1,2
634575,116103,8025B9240,2AA1E717830,1,1,2
634991,96206,80FBAA7A0,2AA1EFFD1C0,1,1,2
635261,18992,8006A6960,2AA1EF26790,1,1,2
635393,33745,81BF20A80,2AA1F7579D0,1,1,2
635957,89304,817303DA0,2AA1ECD11B0,1,1,2
636033,66296,80CD14130,2AA1F1CB920,1,1,2
636057,90157,803AEDEB0,2AA1E4EC190,1,1,2
637022,101975,81B4EC4A0,2AA1F6E6AD0,1,1,2
637606,54327,8033D7AB0,2AA1FE83380,1,1,2
637800,52541,821BA0A70,2AA2065FAE0,1,1,2
638605,41204,8098BAD30,2AA1EDCE730,1,1,2
638824,1213,804C84A60,2AA1E42B8D0,1,1,2
639012,71794,81027B790,2AA1F00AEE0,1,1,2
639342,32408,81C6825E0,2AA1F6C2610,1,1,2
639446,20399,80A52DD70,2AA1D238EC0,1,1,2
639821,104698,80379B2D0,2AA1CB50980,1,1,2
640358,6030,813DB6460,2AA207814C0,1,1,2
640391,109639,81CDD1F60,2AA1F8172A0,1,1,2
640670,89427,81260B420,2AA1E6B5750,1,1,2
641249,18992,8006A7330,2AA1F053C00,1,1,2
641380,63852,800ED5150,2AA2055C7D0,1,1,2
641400,37292,8190612D0,2AA20747420,1,1,2
641757,46782,800687EA0,2AA1CB89300,1,1,2
641805,73254,81E6F6E30,2AA1F7B04F0,1,1,2
642038,59420,819302370,2AA1E59E7B0,1,1,2
642439,65434,81E311150,2AA1EA8D550,1,1,2
642992,59546,8112BCD60,2AA1EB2C7F0,1,1,2
643031,86195,80F774470,2AA1F1DFB40,1,1,2
645047,83739,807256CE0,2AA2069BD80,1,1,2
645127,80440,8050C0CF0,2AA205EC240,1,1,2
645486,85402,8127A7950,2AA2048A1F0,1,1,2
645552,37762,80AAFDEE0,2AA1E1CAF10,1,1,2
645679,27958,80F447000,2AA20818680,1,1,2
645823,31532,800F819A0,2AA1E1C31B0,1,1,2
645921,98315,81DD3D2C0,2AA1EDF6D70,1,1,2
646169,87649,817B27570,2AA1F5427D0,1,1,2
646237,93463,81412F600,2AA1F408670,1,1,2
646459,81792,811ED3F40,2AA207C6120,1,1,2
646663,6364,808253A70,2AA1E18E9B0,1,1,2
647700,30708,80C1BDB60,2AA1E5529F0,1,1,2
648106,87597,8176045C0,2AA207A5A40,1,1,2
648302,71657,814C145F0,2AA1F4DA0C0,1,1,2
648874,94068,801BD2400,2AA1FFC0300,1,1,2
649141,65136,808667BC0,2AA1EEBA1E0,1,1,2
649190,51558,804B89C40,2AA1E3F7E10,1,1,2
649253,48472,80A60E550,2AA1E826830,1,1,2
649379,72683,81D70C070,2AA1F7894B0,1,1,2
649757,88755,81B8507D0,2AA1F121C40,1,1,2
649781,22562,808B63DD0,2AA1E7EF930,1,1,2
649785,79056,8017A78D0,2AA1E1134D0,1,1,2
650256,114110,81069CCD0,2AA1E263A90,1,1,2
650262,28462,813E2A950,2AA20595D40,1,1,2
650327,99164,80BD089E0,2AA1E1FC330,1,1,2
650712,47261,80CF870C0,2AA1F08F940,1,1,2
650821,58001,800BD58E0,2AA1E2400D0,1,1,2
651150,102489,81218BBC0,2AA206127E0,1,1,2
651413,71821,803AAE800,2AA20830920,1,1,2
651435,16619,81A61B500,2AA2015EC90,1,1,2
652313,101791,812BCCB50,2AA1D714330,1,1,2
652471,116103,8019B7C80,2AA1EC48EB0,1,1,2
652711,97994,8105F9CC0,2AA202F0670,1,1,2
652796,30584,806E792C0,2AA1CAFA080,1,1,2
653341,27723,81A21B0D0,2AA1EE850E0,1,1,2
653707,52908,802F27C20,2AA1E4528F0,1,1,2
654034,81792,815ADC470,2AA2056D8A0,1,1,2
654488,51489,81316F0E0,2AA1F4A3740,1,1,2
654651,106693,810FCDB80,2AA1F26BA60,1,1,2
655343,55493,811B76CB0,2AA1EFE9120,1,1,2
655545,114453,800D11360,2AA1E238D90,1,1,2
655550,111626,802AF6D60,2AA1CD49EE0,1,1,2
655894,31201,80B40C2C0,2AA1E609090,1,1,2
656097,37386,82202F6F0,2AA207C7020,1,1,2
656150,7470,807D14A70,2AA1E19AF10,1,1,2
656210,54423,81719AC00,2AA1E75AE30,1,1,2
656547,67734,8166F99E0,2AA205D8E00,1,1,2
656773,48383,815C9EA10,2AA1F423CD0,1,1,2
657264,85402,801BA8480,2AA20553C70,1,1,2
657758,101323,800C90800,2AA207E4AE0,1,1,2
658527,98144,818370440,2AA1E344750,1,1,2
658617,98739,81CC58CE0,2AA1EE54F50,1,1,2
660165,25265,809616660,2AA20587BE0,1,1,2
660344,50250,82F121090,2AA1FCADE60,1,1,2
660436,227,8023322A0,2AA1E3D8030,1,1,2
660448,107108,81CB379B0,2AA205A6D60,1,1,2
660575,64947,80DF42E50,2AA1F193400,1,1,2
661076,20669,80CF93750,2AA1F305680,1,1,2
661095,55804,81D4265D0,2AA1F1B65A0,1,1,2
661487,95927,81537AFB0,2AA207D0800,1,1,2
661818,116285,801C22D00,2AA1E3B1150,1,1,2
661906,25142,80A2180A0,2AA2041F9B0,1,1,2
662379,119455,800BB8A10,2AA1E727870,1,1,2
662420,64995,8137FE810,2AA1F43B4F0,1,1,2
662718,31433,804862E60,2AA1EA843B0,1,1,2
662785,27473,80C0FB6F0,2AA1E309430,1,1,2
663012,92162,80617D3A0,2AA1D22C940,1,1,2
663238,71657,814D9B460,2AA1F3EAF90,1,1,2
663308,13991,80903E9F0,2AA201BAFE0,1,1,2
663680,27717,80022E1D0,2AA20625220,1,1,2
663830,63757,80F8F0280,2AA1EBDF450,1,1,2
663907,100643,80CA71E10,2AA1EF1C3B0,1,1,2
664322,48472,8124812F0,2AA1E826AD0,1,1,2
664658,13407,826C3CDC0,2AA1E8C5A90,1,1,2
665629,39970,81C0C6120,2AA2069E4A0,1,1,2
665755,103661,80DF6B3C0,2AA1F130D80,1,1,2
665809,92695,80DD084D0,2AA20559310,1,1,2
666253,97142,8179B9830,2AA1F5AD1C0,1,1,2
667195,74943,80B5967A0,2AA1E46BED0,1,1,2
667576,111698,80AE13D00,2AA1CDCB140,1,1,2
667611,105157,810D8D890,2AA1F1764A0,1,1,2
667955,97716,822328DE0,2AA1F91B480,1,1,2
668618,108907,807DA1E00,2AA1CF44300,1,1,2
668687,1509,8002A8890,2AA1E102D60,1,1,2
669361,111253,80A702140,2AA1E487BD0,1,1,2
669430,57396,8046F5F50,2AA1E364350,1,1,2
669431,79056,8001A95D0,2AA1E10EA90,1,1,2
669571,72312,8192ECC80,2AA202D2450,1,1,2
669956,76049,803A136D0,2AA2023B7B0,1,1,2
670098,62331,804DE68F0,2AA1E2A55B0,1,1,2
670699,85402,800229180,2AA2062CFA0,1,1,2
670781,86367,818BF8890,2AA1D686610,1,1,2
671662,69439,80FE3C2F0,2AA20559AF0,1,1,2
671879,79817,824640AA0,2AA1F9D4AA0,1,1,2
672140,24617,801A3E060,2AA2031B0C0,1,1,2
672313,110921,80F891890,2AA1EF426A0,1,1,2
672442,117504,8238B35B0,2AA1F9511A0,1,1,2
672487,103888,81AA6D940,2AA2079AF40,1,1,2
672545,114365,81A39B250,2AA1EC79C90,1,1,2
672799,47147,80B2CF990,2AA1EE61CF0,1,1,2
672901,54462,824B74B20,2AA20817900,1,1,2
672915,26743,81AE29EA0,2AA1F6ACF50,1,1,2
673063,17581,810696DC0,2AA1E255890,1,1,2
673497,4671,8047A9530,2AA1F258B00,1,1,2
674044,63479,80AEC6130,2AA20738500,1,1,2
674278,9085,811E8A570,2AA1EE9AB60,1,1,2
674425,104486,820B58690,2AA1D3AEEB0,1,1,2
674681,65383,8061ACBD0,2AA1CF2F1E0,1,1,2
675279,34407,80EA787F0,2AA1F137B40,1,1,2
676697,23444,81EF0CB20,2AA1CAB69C0,1,1,2
676893,105337,808FB61D0,2AA1E33BD90,1,1,2
677012,81792,810FDD270,2AA2056C340,1,1,2
677664,60003,80554D290,2AA205C30A0,1,1,2
678308,102368,80663DCB0,2AA1CCEE4C0,1,1,2
679051,15982,8144B3970,2AA1D736FD0,1,1,2
679584,16121,80038C480,2AA1E11BCB0,1,1,2
679889,44097,811D3A850,2AA1E556490,1,1,2
680235,60579,80C0915B0,2AA1E78CF50,1,1,2
680449,50630,80E10EC60,2AA1F00FCA0,1,1,2
680820,64913,80A84F6C0,2AA1E7A5130,1,1,2
681050,119396,811A3A580,2AA1F3F6250,1,1,2
681204,8072,812AA9D20,2AA1F37AE30,1,1,2
681212,103898,800E347A0,2AA1CB654E0,1,1,2
681274,57337,819DA1A30,2AA1D078EA0,1,1,2
681291,18516,805EF0CC0,2AA1ED99CF0,1,1,2
681672,86604,801659610,2AA1CBE0C80,1,1,2
682028,31413,804843DF0,2AA20723DA0,1,1,2
682422,1509,800129BD0,2AA1EED7960,1,1,2
682482,14309,80D036DE0,2AA1F273740,1,1,2
683129,37798,818921080,2AA1F6B9050,1,1,2
683314,12258,81E702730,2AA1F847280,1,1,2
683503,87649,8047A9160,2AA1EF1BCF0,1,1,2
683974,84395,8005BF960,2AA1CB00400,1,1,2
684116,68078,80BFA8680,2AA1E9E8750,1,1,2
684176,103940,819DEBC10,2AA1F6632D0,1,1,2
685023,71917,80E3F8DE0,2AA1E377C70,1,1,2
685189,71917,8142F8D10,2AA1ED738B0,1,1,2
685639,77040,80F530E00,2AA1F369F70,1,1,2
686260,93264,83C49BF10,2AA1E5C2590,1,1,2
686376,4491,81399A730,2AA1EAC3750,1,1,2
686889,23446,80B49E6C0,2AA1EA2A850,1,1,2
687470,15821,8120A15D0,2AA20684060,1,1,2
687604,94579,806406B70,2AA1EA9ED30,1,1,2
687623,98564,81392EF70,2AA201572D0,1,1,2
687941,18992,8006AA440,2AA1F30EBE0,1,1,2
688437,21773,813E106C0,2AA1F206020,1,1,2
688491,68574,800A9F050,2AA1E87BA90,1,1,2
688902,61094,817858DB0,2AA1D5FCC10,1,1,2
688986,111698,80D9910C0,2AA1CDCBA40,1,1,2
689021,98546,80D003250,2AA1E41E270,1,1,2
689269,115409,801EF2A10,2AA206B1160,1,1,2
689365,49929,81E7BE420,2AA20667A60,1,1,2
689408,116910,803BFFD30,2AA2078E660,1,1,2
689442,85402,80012A3B0,2AA1CA62F50,1,1,2
689964,86324,8130947B0,2AA2077F7E0,1,1,2
690095,97538,811B8C350,2AA1F177160,1,1,2
690194,85764,800EE7470,2AA1EE653A0,1,1,2
690398,78645,811DA04A0,2AA2064D320,1,1,2
690464,80710,815135FB0,2AA207284E0,1,1,2
691227,18181,802CC1DF0,2AA1EDDDF90,1,1,2
691294,51652,806A47680,2AA1EDE0F30,1,1,2
691463,30708,8045B05A0,2AA1E5020B0,1,1,2
691581,60827,80332A640,2AA1CCD1F00,1,1,2
691681,97716,8164AA6E0,2AA1F690C70,1,1,2
691686,76000,800221760,2AA1E53D310,1,1,2
691708,58210,8008676E0,2AA1E165650,1,1,2
691744,119455,800C3A670,2AA1ED9F530,1,1,2
691973,71238,808FDF2A0,2AA1E873110,1,1,2
692198,4326,81F6E3560,2AA207E58C0,1,1,2
692392,24759,80555F890,2AA206BDC10,1,1,2
693431,26937,800D4BE10,2AA1E9296B0,1,1,2
693454,108761,82CDCA510,2AA1DA989F0,1,1,2
693750,41489,800631660,2AA206FB210,1,1,2
694050,119507,8065479B0,2AA1EE73460,1,1,2
694518,62331,8013E50A0,2AA1E2A36F0,1,1,2
695024,100078,8045A2C20,2AA1CD085C0,1,1,2
695389,71509,826743180,2AA1D9AEC70,1,1,2
695694,59338,8018B7CD0,2AA2053E830,1,1,2
695919,4590,80CC2DE90,2AA1F2A06C0,1,1,2
696729,54327,800F5A1E0,2AA2050F490,1,1,2
696758,80268,8189622E0,2AA205901E0,1,1,2
697445,105157,80D30FD90,2AA1EF70880,1,1,2
697495,27818,8089C09A0,2AA1F194B00,1,1,2
697772,27717,800B2C0E0,2AA1CABC500,1,1,2
697867,16121,80210F280,2AA1E4ECCD0,1,1,2
698215,39419,81F101460,2AA1F807360,1,1,2
698275,83110,80239A7E0,2AA20634120,1,1,2
698284,19024,810C61560,2AA1F1B95C0,1,1,2
698978,71269,807AE0480,2AA1E5F49D0,1,1,2
698986,19231,81AA1E200,2AA1D1EF680,1,1,2
698990,59195,800984510,2AA2081D8A0,1,1,2
699094,114514,80F4F3420,2AA1F0E2BA0,1,1,2
699157,18880,81035D8B0,2AA1F1AF060,1,1,2
699602,19021,80CE76920,2AA1D287040,1,1,2
700519,31433,809960900,2AA1E27AB90,1,1,2
700587,49671,8135EDA90,2AA1D5D0C50,1,1,2
700631,47847,812F1A120,2AA1F445ED0,1,1,2
700825,109141,80C030CD0,2AA2071AEA0,1,1,2
700886,12450,8000AA060,2AA1F6A2C60,1,1,2
700963,52541,80FEAD570,2AA1D4D5390,1,1,2
701064,68406,835A71110,2AA20711BD0,1,1,2
701090,79056,80012AA90,2AA1E10DD10,1,1,2
701167,30584,80797BDA0,2AA1CAFA2C0,1,1,2
701656,100078,803B22AA0,2AA1CD07D80,1,1,2
702234,59195,801305830,2AA1CBD4C00,1,1,2
702360,34923,8137C2960,2AA1EBC9750,1,1,2
702482,34401,80239D500,2AA205A6F60,1,1,2
703163,92769,80F27FBB0,2AA2071AA20,1,1,2
704378,20478,82CF26A70,2AA1FC54FD0,1,1,2
705299,15982,814731350,2AA204F7550,1,1,2
705311,99974,81E5F5AD0,2AA1E68DF10,1,1,2
705461,109689,80C9E3670,2AA1E97C3F0,1,1,2
705935,41489,801730260,2AA1CB420E0,1,1,2
706359,64522,804E3B4D0,2AA1E589330,1,1,2
706854,122269,802B0A2D0,2AA202916B0,1,1,2
707905,74598,82054F250,2AA1EA288B0,1,1,2
708563,23823,812428500,2AA1E6D3C50,1,1,2
708803,92903,800612530,2AA1CB27100,1,1,2
708982,35147,80ED68E60,2AA1D662850,1,1,2
709077,2600,80FB37800,2AA206E9B10,1,1,2
709379,16413,80E543BC0,2AA1CFF49E0,1,1,2
709615,34401,80529D200,2AA207D2FC0,1,1,2
709942,93965,80DC83B50,2AA202CFD90,1,1,2
710123,89474,81E18B2F0,2AA1DB4D290,1,1,2
710364,15372,8031F5130,2AA1E36ABB0,1,1,2
710380,23444,80110E430,2AA1CAAF280,1,1,2
710725,113446,80018DD90,2AA1EDFE3D0,1,1,2
710907,90953,8042C6AC0,2AA1EEF32C0,1,1,2
711455,94194,824B74BC0,2AA2085C8D0,1,1,2
711714,113833,8247E7400,2AA207BAA20,1,1,2
712311,37762,817AF1D90,2AA1E6772B0,1,1,2
712334,64522,8139BBA90,2AA1E3C9DB0,1,1,2
713006,44123,80B8415C0,2AA1E4986D0,1,1,2
713902,78590,80382B1A0,2AA1CA79060,1,1,2
714083,119917,82BDF1050,2AA2068FFE0,1,1,2
714554,118965,822046BC0,2AA1CC303E0,1,1,2
714732,48841,8164ABE70,2AA1F524BB0,1,1,2
715224,99955,80F7D1770,2AA2067EC20,1,1,2
715552,108426,811370EC0,2AA1E9A01B0,1,1,2
716411,50821,81C773310,2AA1E5727F0,1,1,2
716424,88837,81C0958A0,2AA208504B0,1,1,2
716715,24531,80BBE40E0,2AA1E90AB10,1,1,2
716866,18992,801FAB890,2AA1EF90E80,1,1,2
716870,15634,80069BF90,2AA1E5CE890,1,1,2
717253,59338,80CC36BF0,2AA207BF7E0,1,1,2
717466,10678,807644920,2AA1E600CB0,1,1,2
717503,78590,80022B520,2AA20749580,1,1,2
717573,119099,81893DE30,2AA1F6D67D0,1,1,2
718282,94068,802E5E760,2AA1CC5AF00,1,1,2
718907,31532,80150A080,2AA1E1C3CF0,1,1,2
719428,78645,822E26100,2AA2081A560,1,1,2
719535,104698,800690010,2AA1CB4B1C0,1,1,2
719844,16121,800289FE0,2AA1E11B4D0,1,1,2
719864,75859,804770570,2AA206320C0,1,1,2
719876,68574,8019193F0,2AA1EC79CF0,1,1,2
720339,89427,80C700160,2AA1E422AF0,1,1,2
720554,14494,816A381A0,2AA1E295310,1,1,2
720630,109141,806C36030,2AA204DAAF0,1,1,2
720793,100371,81A2313D0,2AA1D4575F0,1,1,2
720842,66296,81101F360,2AA1F096800,1,1,2
720850,78897,821ED0860,2AA1D2FA890,1,1,2
721034,101398,81BD0D010,2AA1F765830,1,1,2
721447,6912,8134606F0,2AA1CF691E0,1,1,2
721534,104698,800590210,2AA2073D120,1,1,2
721544,106169,80ECFD710,2AA1F396970,1,1,2
721651,60604,8175B45A0,2AA1F5D4740,1,1,2
721702,49983,82493F2B0,2AA1E8686D0,1,1,2
723499,78590,801D2CEE0,2AA1CA93570,1,1,2
723760,21854,80B749DB0,2AA1E33B730,1,1,2
724086,26072,8006ACF00,2AA1F1D7DC0,1,1,2
724218,76049,8054963A0,2AA1CF03500,1,1,2
724247,34401,80559A030,2AA207BCD60,1,1,2
724342,55748,83609DD40,2AA1EB04170,1,1,2
724611,16121,800409880,2AA1E11BDD0,1,1,2
724909,40054,8102A94D0,2AA1F1D1BA0,1,1,2
725067,117142,821C26700,2AA1F7C7D50,1,1,2
725097,52101,80862B980,2AA206F07F0,1,1,2
725763,103282,80715C030,2AA1E4C1370,1,1,2
725975,4671,80ACAC670,2AA1F2DF840,1,1,2
726344,12172,8037BE550,2AA1E940A30,1,1,2
726754,97453,819A115B0,2AA1D863FF0,1,1,2
727620,84572,815168890,2AA1EBF9A50,1,1,2
727621,96145,812DFB710,2AA1EB1B0B0,1,1,2
728334,101323,8024944C0,2AA1CB1EC80,1,1,2
729075,66332,808DCD380,2AA1FEB62F0,1,1,2
729153,58210,814F61990,2AA1E16BEF0,1,1,2
729791,121918,81785B8B0,2AA1D6F8210,1,1,2
730158,50520,84E006D11,2AA1D8AEFB0,1,1,2
730386,16523,801E9C340,2AA1E184010,1,1,2
730562,46607,807DA4E70,2AA1D07CAC0,1,1,2
731615,56107,80F274E80,2AA1F3D8ED0,1,1,2
731645,115930,824C27590,2AA1FA75670,1,1,2
731991,858,801EA4DF0,2AA203365C0,1,1,2
732058,18992,80012CB80,2AA1EE0EB50,1,1,2
732237,89304,80BF88020,2AA1EA6F870,1,1,2
732508,113038,819EA47F0,2AA1E9A2550,1,1,2
732607,25851,805E36080,2AA1E507710,1,1,2
734462,41491,81982D060,2AA1D13B2E0,1,1,2
735121,87649,8006ADC10,2AA1F242A80,1,1,2
735234,111128,8036A0530,2AA2058B060,1,1,2
735325,79056,8003AD540,2AA1E8D7430,1,1,2
735455,103282,80305D7E0,2AA1E100FC0,1,1,2
735590,68739,80418A300,2AA201EB930,1,1,2
737251,32192,801D4C6B0,2AA205D1C20,1,1,2
737345,81241,811D70FD0,2AA2073EE60,1,1,2
737933,107430,826BC0F60,2AA1FA25A60,1,1,2
738178,50630,80D50A510,2AA1F00EF20,1,1,2
738326,117024,811C79530,2AA1D4BADB0,1,1,2
738412,30773,8019FFFD0,2AA1FF2AA70,1,1,2
738515,64200,80126F6E0,2AA1E2AAA90,1,1,2
738955,41305,80B374FD0,2AA1E351810,1,1,2
738960,55279,81331B1D0,2AA1D2EEF70,1,1,2
739000,49664,816CB1060,2AA1F5DC160,1,1,2
739248,94751,80827E5A0,2AA1E32D950,1,1,2
739496,21808,82353FAE0,2AA1F955600,1,1,2
739850,76782,81C1BF8B0,2AA1D191BC0,1,1,2
739852,115409,802475CB0,2AA1CD283E0,1,1,2
739889,111698,8030166C0,2AA206FBB70,1,1,2
740046,109815,81683B2F0,2AA207CBD20,1,1,2
740364,14800,8135B8B40,2AA1ED03250,1,1,2
741040,98306,82C1DE4E0,2AA206898C0,1,1,2
741370,87649,80AE2DA30,2AA1F0E4AC0,1,1,2
741535,23444,800308AE0,2AA205A11A0,1,1,2
741941,75782,8134AF140,2AA1D3826F0,1,1,2
741948,76103,80620AED0,2AA1EBD4650,1,1,2
742055,23444,800388B60,2AA20554330,1,1,2
742616,106144,815E5CF00,2AA1F5575C0,1,1,2
743209,27717,80022B390,2AA20803BE0,1,1,2
743290,89761,80A31DCB0,2AA203DEF70,1,1,2
743529,36605,8010E61E0,2AA1E2F9B50,1,1,2
743577,77515,837C57CF0,2AA1FFAB490,1,1,2
743730,71452,804D29DA0,2AA1E149570,1,1,2
743873,48841,812F2DB40,2AA1F400370,1,1,2
744061,104698,800B91870,2AA20510150,1,1,2
744741,64119,837370C90,2AA206D8B30,1,1,2
745295,69463,8009C5AA0,2AA1E1FF3B0,1,1,2
745670,37433,8003E5800,2AA2077FEA0,1,1,2
745677,61615,804D2B800,2AA1E54C610,1,1,2
745866,45503,823AD1BB0,2AA1F9A9BC0,1,1,2
746120,16121,8004085F0,2AA1E1942F0,1,1,2
746932,32855,822510640,2AA20735EA0,1,1,2
747474,104698,80FE91DC0,2AA1CB53920,1,1,2
747768,4671,804F2DC10,2AA1EF344C0,1,1,2
747780,65383,80CCA8390,2AA1CF30D40,1,1,2
748510,91479,82A1A04D0,2AA1FA948B0,1,1,2
748595,78645,806B27DE0,2AA1FAD6690,1,1,2
748651,117339,8127752F0,2AA1E8C6FB0,1,1,2
748748,85402,80022DE10,2AA20723680,1,1,2
748859,63057,80BB1B5A0,2AA1E9FA090,1,1,2
749228,57921,813C97500,2AA1E6E85D0,1,1,2
749229,98162,80995C280,2AA1E6E3750,1,1,2
749930,94433,80F01DD20,2AA1F130C00,1,1,2
749954,15174,8165E1530,2AA1F622C10,1,1,2
750130,106679,8004FC7D0,2AA1E18A930,1,1,2
750257,31848,810914470,2AA1E963690,1,1,2
750762,7470,8009916F0,2AA1E195CF0,1,1,2
751331,104698,803492190,2AA20604820,1,1,2
751493,29750,811B4A0B0,2AA1F205780,1,1,2
751993,34866,804B07130,2AA1E20A950,1,1,2
752662,46782,801E0EAD0,2AA1CB8D8C0,1,1,2
753376,116697,804E84500,2AA205C44C0,1,1,2
753498,25981,82DE907A0,2AA1FCEE620,1,1,2
754089,42700,81CFA7FC0,2AA1F6FEDD0,1,1,2
754482,91213,80039C310,2AA1CAE3B00,1,1,2
755287,11538,8298A1E60,2AA1DD7A5D0,1,1,2
755457,92825,800B0DC10,2AA1EA65AD0,1,1,2
755720,89809,816C6D350,2AA1E431650,1,1,2
756718,30471,82CF26960,2AA1FC1F390,1,1,2
756804,19477,8048F89F0,2AA1CB38FA0,1,1,2
757014,42391,807118BB0,2AA1F36A650,1,1,2
757332,48841,80D8AE480,2AA1F3AC270,1,1,2
757429,57636,811980610,2AA203E94B0,1,1,2
757559,34866,8062076B0,2AA1EA4B110,1,1,2
758019,18992,8006AE120,2AA1EF026B0,1,1,2
758911,111326,80E2925F0,2AA1CB5FF40,1,1,2
759398,18990,81C12D870,2AA1F719690,1,1,2
759658,37226,8233686B0,2AA1F936A00,1,1,2
759857,16610,81173E360,2AA1E1ADD30,1,1,2
759902,109688,801E3C9F0,2AA1EA843B0,1,1,2
760250,114704,82A4BA840,2AA1EB9D1D0,1,1,2
760335,41489,8005358E0,2AA208497B0,1,1,2
760428,25556,8132769F0,2AA1F4751C0,1,1,2
760527,104402,809F12D10,2AA20832800,1,1,2
760684,13290,81585A830,2AA202FF3F0,1,1,2
761174,89809,8168EDDA0,2AA1E4315F0,1,1,2
762280,82273,8166A94C0,2AA1EE8C7A0,1,1,2
762295,74314,80C3AA540,2AA1F0E8F20,1,1,2
762428,97620,8057DCA60,2AA1EC6CAD0,1,1,2
762442,30584,80047F9E0,2AA205992E0,1,1,2
762551,52013,8148E2E80,2AA1F47CD00,1,1,2
762781,72683,81C505730,2AA1F788670,1,1,2
763053,79682,81C26E6F0,2AA1E897070,1,1,2
763394,81196,8179A7350,2AA1F60AE50,1,1,2
763714,68574,80209BE20,2AA1E219E10,1,1,2
763837,24759,80955B2C0,2AA2074BDC0,1,1,2
763852,60167,80FB140C0,2AA1E66B010,1,1,2
764001,111881,80B76C6F0,2AA1E808130,1,1,2
764937,42348,80B7FFC60,2AA208348E0,1,1,2
764995,14369,817E3B270,2AA1ED27210,1,1,2
765111,72821,80A742B80,2AA1E7B73B0,1,1,2
765910,86604,80115E4C0,2AA1CBDFFC0,1,1,2
766321,107367,8104AFE30,2AA1F2BC1E0,1,1,2
766608,80188,81ED99270,2AA1CEF8660,1,1,2
766826,53284,827193FB0,2AA1F9A33A0,1,1,2
767833,81897,801B3D720,2AA1CCD8CA0,1,1,2
768009,113629,8073D1350,2AA203029F0,1,1,2
769078,111345,8116A43D0,2AA1F1564C0,1,1,2
769135,109622,820E6DBE0,2AA1EC1D010,1,1,2
769245,73924,811FB0F80,2AA1EF4B660,1,1,2
769651,78655,80E8A8A60,2AA20815480,1,1,2
770344,60738,810F38620,2AA1F2BC160,1,1,2
770706,28669,80778CFF0,2AA20301610,1,1,2
770785,93382,8122D6500,2AA1E97F110,1,1,2
771568,113446,801209140,2AA1E129A70,1,1,2
772566,92825,800A0CDC0,2AA1EDE64F0,1,1,2
773493,104698,800A93710,2AA1CB4BEE0,1,1,2
773672,91173,808AE72C0,2AA1D258C00,1,1,2
774213,3635,81C90B3D0,2AA207A49C0,1,1,2
774571,108488,81BFB3720,2AA20765AC0,1,1,2
774757,19067,81CCB1CD0,2AA2077ED60,1,1,2
774892,47847,81301F8F0,2AA1F446050,1,1,2
775175,68244,8128AFC40,2AA1F410750,1,1,2
775567,47147,802B49220,2AA1E3FCDB0,1,1,2
775574,104698,800A93920,2AA1CB4BF40,1,1,2
775774,92054,81B4E6050,2AA1D15E8C0,1,1,2
775796,94997,806C455E0,2AA1EE8BBE0,1,1,2
775832,77855,82124B760,2AA1DA9CC90,1,1,2
776595,79056,80032FC90,2AA1CA80220,1,1,2
776899,74633,809E50CE0,2AA1E65CD30,1,1,2
777809,16523,801A1F2C0,2AA1E99A3B0,1,1,2
777935,12585,82FC032E0,2AA1FDD6090,1,1,2
778789,70161,81BB7EE30,2AA1F78F730,1,1,2
779775,115289,8178330B0,2AA2078FB00,1,1,2
779959,62331,801160460,2AA1E40FA70,1,1,2
780203,54664,816CAF120,2AA1F558A00,1,1,2
780575,54664,821FAF080,2AA1F890730,1,1,2
780627,56119,834586F90,2AA207C9CE0,1,1,2
780737,30584,8013FEFA0,2AA1FF25FB0,1,1,2
780874,68574,80991AFC0,2AA1E21D290,1,1,2
781111,4,812C2D100,2AA1E2E1770,1,1,2
781918,103898,8020B2250,2AA1CB67F40,1,1,2
781958,23354,807F73660,2AA1E91D110,1,1,2
782127,10630,815080B90,2AA2080BD40,1,1,2
782294,111698,802314D40,2AA20694560,1,1,2
782536,9654,81473A470,2AA1D63D750,1,1,2
783339,52101,8038280C0,2AA207BC940,1,1,2
783386,30773,8016FD3D0,2AA208585F0,1,1,2
783831,94000,804BE95C0,2AA1D0F8220,1,1,2
784451,89089,809C390E0,2AA1D2175C0,1,1,2
784633,95835,82276B510,2AA1E9A3F50,1,1,2
785246,59709,816BFB3B0,2AA1EBC6070,1,1,2
786053,50116,81FD1D280,2AA1E941E70,1,1,2
786206,14840,80BC3D1B0,2AA1ED039D0,1,1,2
786702,107469,813041C20,2AA1F3F0890,1,1,2
786947,78590,801A30960,2AA202BCAD0,1,1,2
787190,108272,80D12DC20,2AA1D53EF70,1,1,2
787211,12145,800A13DB0,2AA1E743790,1,1,2
787450,64402,816450A60,2AA1D268CE0,1,1,2
787721,13493,8196C85B0,2AA1F65DBD0,1,1,2
787783,62331,805EFFC40,2AA1E2A5A90,1,1,2
788223,31201,80A514530,2AA1E3FDF50,1,1,2
788336,121716,81DA883D0,2AA1F882CC0,1,1,2
788972,116346,81B7EE0F0,2AA1EA5D310,1,1,2
789229,109257,809F059B0,2AA20642E80,1,1,2
789751,109386,80E28C5B0,2AA1D3B6F90,1,1,2
790114,57160,80E71D110,2AA1F18D920,1,1,2
790418,85363,812E40F60,2AA1E744330,1,1,2
790920,111128,803FBD2E0,2AA1CE2E6A0,1,1,2
791149,63100,821F5A4A0,2AA1E9C8D30,1,1,2
791467,85402,8002307F0,2AA20720BA0,1,1,2
791711,97716,816330B30,2AA1F5E2300,1,1,2
791906,50334,81D1DE860,2AA203C8CB0,1,1,2
791948,52161,824747870,2AA205A3F60,1,1,2
792395,40984,805FF83E0,2AA1EFEB180,1,1,2
792854,9440,822B8C4D0,2AA1F1FCDE0,1,1,2
792858,89187,801A999D0,2AA202B1850,1,1,2
793408,103720,80091D8D0,2AA1E1DBED0,1,1,2
793476,34372,80DD0A870,2AA1F310900,1,1,2
793525,77073,801CECC70,2AA1CC20DC0,1,1,2
793553,64995,812366B80,2AA1F396A90,1,1,2
793913,75704,8229CBDD0,2AA1D490CD0,1,1,2
793957,51626,8120C3660,2AA206E66F0,1,1,2
793974,81566,80037BE60,2AA1E1468D0,1,1,2
794052,41489,8005ABBF0,2AA1CB3F140,1,1,2
794099,26919,8012E2380,2AA1E6A2E30,1,1,2
794369,49551,815B3B0C0,2AA207E55C0,1,1,2
794824,94433,80F980930,2AA1F1313E0,1,1,2
794828,98162,80CDC1730,2AA1E6E43B0,1,1,2
794871,72821,80ED5CEC0,2AA1E45A6B0,1,1,2
795051,68244,8142B00F0,2AA1F51C600,1,1,2
795298,97335,802F047B0,2AA1EE9B4E0,1,1,2
795465,88966,80C8E21D0,2AA1E5440B0,1,1,2
795517,48575,806569560,2AA20558030,1,1,2
795881,96139,815B3DE40,2AA20835900,1,1,2
795992,2070,8146D8C60,2AA2062B420,1,1,2
796099,19967,806596370,2AA1E521E50,1,1,2
796151,68674,81987EE00,2AA2051D050,1,1,2
796851,104305,81BD6D7C0,2AA2084E410,1,1,2
797724,24729,80BE5EF20,2AA1E44E8B0,1,1,2
798018,5473,8020B3560,2AA1CC928E0,1,1,2
798145,50167,811A4C780,2AA1F3DFCD0,1,1,2
798150,27531,8067CFB80,2AA1E70CFF0,1,1,2
798427,115319,804A253D0,2AA1E310A70,1,1,2
798491,87951,82A9B3360,2AA1D06DA60,1,1,2
798747,45180,81CE4A530,2AA207243A0,1,1,2
799120,68538,8143F1480,2AA1F4794A0,1,1,2
799419,58001,805B42950,2AA1EEF3B60,1,1,2
799562,10451,80D5B7B70,2AA1F0A0E00,1,1,2
799834,97716,8225B1330,2AA1F9E20E0,1,1,2
800432,68134,81B88A230,2AA1E1C36F0,1,1,2
800526,101323,800589DC0,2AA1CB19FA0,1,1,2
801060,7470,80190D850,2AA1E8CC850,1,1,2
801207,73812,807D4CCF0,2AA208073E0,1,1,2
802283,60426,84501F100,2AA20817E40,1,1,2
802356,45198,82F9D4A10,2AA1FD93F90,1,1,2
802744,57082,812BE0E70,2AA1ED7B170,1,1,2
802772,19347,80562A0F0,2AA204CCFB0,1,1,2
802965,67880,81D5501A0,2AA202C3030,1,1,2
803374,54327,8018C1890,2AA20603680,1,1,2
803581,121675,814639940,2AA1F386EE0,1,1,2
804172,74075,800D315D0,2AA1EC88630,1,1,2
804469,77073,803A6D110,2AA1CC22EC0,1,1,2
804693,29309,839F8FED0,2AA20066FD0,1,1,2
804698,25696,8000B11D0,2AA1F883870,1,1,2
804837,111682,80FE0F3F0,2AA1D303D50,1,1,2
804937,33830,80AB2FE10,2AA1EDF4F90,1,1,2
805134,42391,8018878C0,2AA1EF3D2A0,1,1,2
805790,99089,801086D70,2AA1E41E9F0,1,1,2
805863,1509,8001B1100,2AA1EABAC10,1,1,2
805879,6372,806A65B00,2AA1E55BA30,1,1,2
806609,1213,809C92E40,2AA1ED7A9D0,1,1,2
807206,16121,803C149D0,2AA1E738870,1,1,2
807405,104402,81308D300,2AA205C3100,1,1,2
809051,24701,809A74020,2AA2081EB20,1,1,2
809216,24031,8011A42C0,2AA1E3080B0,1,1,2
809276,77120,823A33AD0,2AA1F9B7200,1,1,2
809329,100711,818550A60,2AA207358A0,1,1,2
810031,17133,805E4A790,2AA1E5E5310,1,1,2
810133,87835,8044AB3B0,2AA1E57E370,1,1,2
810183,59302,800826AC0,2AA1EA82EB0,1,1,2
811005,68117,806273420,2AA1E8B79D0,1,1,2
811587,44535,817AA6AB0,2AA1F5C56E0,1,1,2
811663,111641,803B807C0,2AA1CED6B60,1,1,2
812095,14494,803BA5FC0,2AA1EC1DF70,1,1,2
812273,23727,8036CC9E0,2AA2084D070,1,1,2
812404,74509,807C2E000,2AA207B39C0,1,1,2
812537,91213,80B083C20,2AA202DF430,1,1,2
812717,116910,813FE4250,2AA206049A0,1,1,2
812841,45150,810507BF0,2AA1CDAD300,1,1,2
812911,84168,80549D810,2AA200A4D10,1,1,2
813416,79056,800931810,2AA1E30E470,1,1,2
813421,119700,8093E4F10,2AA205B8100,1,1,2
813816,76000,80083AF70,2AA1ED90050,1,1,2
813890,84395,8004A7900,2AA208487F0,1,1,2
814362,7924,82A4DAA70,2AA1F921C20,1,1,2
814616,78908,808578930,2AA1E657010,1,1,2
814674,5729,81C3EC8C0,2AA2084AE10,1,1,2
815286,80175,803460460,2AA1F12CDA0,1,1,2
815337,120494,80C90EB70,2AA1EBFFD30,1,1,2
815416,3496,8169E4900,2AA207450E0,1,1,2
815451,75423,809CE3010,2AA1EEFDA40,1,1,2
815522,64457,80C83F610,2AA1CCBA4A0,1,1,2
815605,8108,80FC61330,2AA1FD49460,1,1,2
816229,52300,81BAB8540,2AA1E7E9AD0,1,1,2
816847,26072,817DB2A60,2AA1EF0CA30,1,1,2
817033,88328,810210610,2AA1F2CF9C0,1,1,2
817387,96769,8124C2460,2AA1D140A60,1,1,2
817832,112695,81598CA50,2AA20717BA0,1,1,2
819117,69447,816914620,2AA207AF920,1,1,2
819141,42391,801084EA0,2AA1EF3CFA0,1,1,2
819171,81772,82254CAB0,2AA205A3400,1,1,2
819821,40173,819BA05D0,2AA1D569350,1,1,2
819969,41489,8005A9270,2AA1CB3F0E0,1,1,2
820065,3170,83D4B2390,2AA203AF730,1,1,2
820197,110921,812E0AFB0,2AA1EF073F0,1,1,2
820245,34181,8044B12C0,2AA206B2E30,1,1,2
820282,13845,8017B24C0,2AA1E0E2E40,1,1,2
820686,68244,8143B2F30,2AA1F3A53B0,1,1,2
821026,8072,80AF32380,2AA1F377CB0,1,1,2
821704,74988,801F20C30,2AA1EDA7770,1,1,2
821772,86501,81786BE40,2AA205C2280,1,1,2
821812,54814,80A19F440,2AA1E8DD950,1,1,2
821880,114453,800C8B450,2AA1E239330,1,1,2
825066,87738,817CBFD70,2AA1D30ED10,1,1,2
825087,74943,800E8C080,2AA1E8EFD50,1,1,2
825501,26817,8003B91E0,2AA1E7788B0,1,1,2
825638,15634,812402880,2AA1E1759F0,1,1,2
825683,78655,81AD35190,2AA2077F060,1,1,2
825846,70670,806FB0640,2AA1EEA51C0,1,1,2
826273,105120,816DEBEA0,2AA1D0F5380,1,1,2
826333,4177,808A3C7B0,2AA1E2CA6D0,1,1,2
826459,48740,8183CDD60,2AA1F6592B0,1,1,2
826597,18992,8069B2C80,2AA207BC400,1,1,2
826919,21854,80A1D7250,2AA1E637F10,1,1,2
827139,72624,80AC97C90,2AA1F168320,1,1,2
827537,5473,816431060,2AA1CC97F20,1,1,2
827659,53888,8190B6C80,2AA201548D0,1,1,2
827940,84395,803FA4CD0,2AA2075D100,1,1,2
828123,37601,806D2A2F0,2AA1D2710C0,1,1,2
828440,96134,8162B7DC0,2AA1D835070,1,1,2
828484,62331,80A27D450,2AA1E620410,1,1,2
828567,97543,8128F67E0,2AA1F3D3F90,1,1,2
829231,88328,80AE90A10,2AA1EF36320,1,1,2
829342,96134,814EB7CB0,2AA20630AA0,1,1,2
829477,93284,806FB5750,2AA1EE9BF20,1,1,2
829683,74510,80B4F3080,2AA206B3130,1,1,2
831243,85402,8004B2F00,2AA1CA64930,1,1,2
831250,86604,8012C2510,2AA20673360,1,1,2
831397,117404,8390620B0,2AA1E9A0510,1,1,2
831558,89270,83C49F360,2AA1E9C3FD0,1,1,2
832120,1509,8001328E0,2AA1E101440,1,1,2
832566,9654,818E26AD0,2AA205E4FC0,1,1,2
832702,420,817033570,2AA1D7B9B90,1,1,2
833733,17171,824BFFB80,2AA1F8D9F20,1,1,2
834113,91173,8109FB560,2AA1D259FE0,1,1,2
834821,103813,81194CE10,2AA1E7132B0,1,1,2
835707,31633,812D222F0,2AA1F4259D0,1,1,2
836021,1509,8008334C0,2AA1E0E6500,1,1,2
836129,5404,8134C78E0,2AA1E39F870,1,1,2
836217,68574,804806170,2AA1E21B130,1,1,2
836925,48841,8128B36A0,2AA1F392360,1,1,2
837379,117313,843B56710,2AA2078C0C0,1,1,2
837773,119481,81AB5B870,2AA2074D0E0,1,1,2
837810,56608,81160C3F0,2AA1FDCE7F0,1,1,2
838184,54423,807D81A50,2AA1E759150,1,1,2
838240,108256,81907DF60,2AA1F67BB50,1,1,2
838909,45160,816F3B400,2AA2004A590,1,1,2
838995,37218,80934C890,2AA1E5B5D70,1,1,2
840584,89809,81D470FB0,2AA1ECF0D10,1,1,2
840697,89809,802AF0FC0,2AA1E42D510,1,1,2
841330,107469,812F427E0,2AA1F41D3B0,1,1,2
841874,37690,84EB16AE0,2AA20215DB0,1,1,2
842277,43870,8138BA040,2AA1EAFB350,1,1,2
842873,102538,81EBE8BE0,2AA204CD870,1,1,2
843067,40807,809F40610,2AA1E86FA90,1,1,2
843392,110277,80A340270,2AA20679220,1,1,2
843599,74454,802803020,2AA20035740,1,1,2
843864,104664,81FFA3960,2AA1F054080,1,1,2
844953,85529,80DD2A480,2AA1F2DF160,1,1,2
845261,31532,803215CC0,2AA1E1C4EF0,1,1,2
845736,57176,811E2AF30,2AA1CF97E80,1,1,2
845770,86238,81D292040,2AA1F764490,1,1,2
845850,69463,8009DBD50,2AA1E689F30,1,1,2
846007,85402,803FB3D70,2AA1CAA4460,1,1,2
846310,37292,8388F5A40,2AA1D4A74B0,1,1,2
846748,101975,8215F8BB0,2AA1F783CD0,1,1,2
847172,75900,807FEE3A0,2AA207999E0,1,1,2
847455,54664,816033360,2AA1F535D50,1,1,2
847850,8404,8038EF5C0,2AA205DF290,1,1,2
848914,46782,800614B40,2AA1CB88FA0,1,1,2
849626,8359,827FB7680,2AA1FCC1E50,1,1,2
849679,58210,8002F9210,2AA1EB58190,1,1,2
849960,18992,80D234760,2AA1F113A80,1,1,2
850376,30821,81E4030C0,2AA1D0676E0,1,1,2
850443,71165,81C0CA1D0,2AA1D053B80,1,1,2
850611,47451,8289C4E00,2AA1FB35EF0,1,1,2
850926,111307,81318A1D0,2AA1F37F420,1,1,2
850970,37846,814576AE0,2AA1F3BB190,1,1,2
851067,65331,820840470,2AA1EBE3D50,1,1,2
851168,79703,813BB8790,2AA2076CAA0,1,1,2
851263,77116,819BB16A0,2AA1D337610,1,1,2
851342,115319,804DA1FC0,2AA1EC4F110,1,1,2
851643,14494,8089A0080,2AA1E4FD890,1,1,2
852099,111881,8020F6980,2AA1E8F46B0,1,1,2
852951,31491,80E4C96D0,2AA1D2FE030,1,1,2
853304,31633,812F25530,2AA1F37F420,1,1,2
853642,87860,802C15000,2AA1FAB9990,1,1,2
853669,72340,81C441000,2AA1D85E1F0,1,1,2
853815,98253,8182A4E30,2AA1F673CD0,1,1,2
853960,85402,800534550,2AA203074B0,1,1,2
854120,76000,802CBF700,2AA1EEEFE20,1,1,2
854290,57398,81F7A4AA0,2AA1E6824B0,1,1,2
854301,76724,809082220,2AA1CC8D5E0,1,1,2
854326,29317,8082546B0,2AA1EB14330,1,1,2
854361,51489,8127F34B0,2AA1F3F6DF0,1,1,2
854400,118304,802CCC140,2AA1E94CD90,1,1,2
854479,101791,824A5F150,2AA1D715D70,1,1,2
854606,7807,81EF30A70,2AA1DA4C1D0,1,1,2
854693,12145,800A97810,2AA1EC9C350,1,1,2
855057,23444,802911A60,2AA1CAB1E00,1,1,2
855362,16121,800411840,2AA1EE643F0,1,1,2
855852,75673,81C13E1B0,2AA1F7499F0,1,1,2
855930,31491,811DC95C0,2AA1D2FE930,1,1,2
856036,8986,8163C3C60,2AA1F56E840,1,1,2
856131,117456,81CC2BB00,2AA1EA36F30,1,1,2
856212,108643,8177C3390,2AA20598C60,1,1,2
856337,27818,80D55E5B0,2AA1EF89540,1,1,2
857344,49676,808DE2DB0,2AA1E808370,1,1,2
858384,69737,800E6C5B0,2AA20791540,1,1,2
859041,83975,8381C0B50,2AA1DF0BA50,1,1,2
859274,25097,804701E90,2AA1E2F1C50,1,1,2
859319,88024,8280E8AA0,2AA20789540,1,1,2
859377,116464,804C289B0,2AA1EE2B2D0,1,1,2
859613,32095,812D8DD60,2AA1F3A6CD0,1,1,2
859679,41305,80266D170,2AA1E5FC130,1,1,2
859960,43200,82819E1B0,2AA1EA20C90,1,1,2
860053,49341,8016CD440,2AA1CC6BE00,1,1,2
860103,63852,805046F50,2AA2078E780,1,1,2
860368,74456,8283CF010,2AA1FB16AB0,1,1,2
860781,92825,808517480,2AA1EE6A7C0,1,1,2
860862,17758,82E832590,2AA1FCC0E30,1,1,2
860870,62625,81AEE6210,2AA1E7C2510,1,1,2
861281,92507,821307AF0,2AA1D969FB0,1,1,2
861524,93136,8202F8AB0,2AA1F2561A0,1,1,2
861899,109198,807253A20,2AA203C5270,1,1,2
861912,35540,818CA0FA0,2AA1F66D2F0,1,1,2
861997,48841,8143B4F30,2AA1F394D60,1,1,2
862091,92162,8123614D0,2AA205BFE00,1,1,2
862887,94068,80FF41690,2AA1CC5ECE0,1,1,2
863120,22186,80D12E4D0,2AA206DB930,1,1,2
863509,59338,8019A9BB0,2AA2057A600,1,1,2
863668,47873,825FD78E0,2AA1E3D27F0,1,1,2
863694,98384,806F9FF70,2AA1EDC85D0,1,1,2
863875,63322,80E3E1690,2AA1E8E40B0,1,1,2
864143,115811,822CB4B50,2AA1FC1E730,1,1,2
865319,94194,80346A2F0,2AA1CE6AC20,1,1,2
865460,85402,800435090,2AA1CA9D4A0,1,1,2
865668,49676,832DE35D0,2AA1EA72A10,1,1,2
866129,27717,800FB3A40,2AA1CABCFE0,1,1,2
866632,32095,812F0C640,2AA1F44DB90,1,1,2
867145,45532,81676C650,2AA1EEF31A0,1,1,2
867649,91196,809449450,2AA20617D80,1,1,2
867681,34816,813F27FE0,2AA2030C030,1,1,2
867886,7517,8162EE800,2AA1CE4F660,1,1,2
868001,17581,802F8AD30,2AA1E798530,1,1,2
868147,85402,8006B5350,2AA20732000,1,1,2
868172,27717,801D33850,2AA20400710,1,1,2
868391,103813,80A04AF10,2AA1ED3C0F0,1,1,2
868642,21356,81C1CF840,2AA1D5A99F0,1,1,2
868828,72369,80F8FA470,2AA1F22D6E0,1,1,2
869238,8072,8129B52D0,2AA1F37AB90,1,1,2
869253,40952,8078DD5D0,2AA1CEC94A0,1,1,2
869853,87856,8186047F0,2AA1E8043D0,1,1,2
870666,12072,81CD22050,2AA1E23AE90,1,1,2
870825,91086,8173B59F0,2AA1F5EDD90,1,1,2
870900,49983,815026780,2AA1EB7DF70,1,1,2
871019,97643,821A77A20,2AA207E3EC0,1,1,2
871460,4671,807F35790,2AA1EF368C0,1,1,2
872005,69737,8055EDB10,2AA1CB83D00,1,1,2
872085,87597,812A96930,2AA2051B1D0,1,1,2
873057,57792,811D77FA0,2AA204CBE10,1,1,2
873891,27905,8041AD370,2AA1CFC88E0,1,1,2
874055,76000,8008BEBA0,2AA1E8CC850,1,1,2
874229,107649,81BDB6F50,2AA1E4B18F0,1,1,2
874447,28044,81649CF90,2AA1ED9E190,1,1,2
874696,59302,8063A2940,2AA1E1CE4B0,1,1,2
876346,63993,814FE12D0,2AA1D3C4A30,1,1,2
876633,23444,8002107A0,2AA20796DE0,1,1,2
877127,15892,807F788A0,2AA1E506D50,1,1,2
877407,15392,80F958260,2AA1D3A8470,1,1,2
878138,6439,810E343A0,2AA1EF19D70,1,1,2
878313,26817,80023E5D0,2AA1EAAEBD0,1,1,2
878326,60773,80CD04C50,2AA1F363690,1,1,2
879324,101594,8222B74D0,2AA1F8C9B20,1,1,2
879620,22246,8132767A0,2AA1F4A4120,1,1,2
880743,23446,81E081840,2AA1E97E450,1,1,2
880821,106480,817A63ED0,2AA1F5C1D00,1,1,2
881398,69458,81B43DB60,2AA1D4E2A70,1,1,2
882019,12145,801B15F00,2AA1E276B10,1,1,2
882184,68739,80D191320,2AA1CDB4A00,1,1,2
882234,22421,8222B6830,2AA1F8B66A0,1,1,2
883323,74916,804127240,2AA207A8740,1,1,2
883853,2232,820E552C0,2AA1EAFE370,1,1,2
883886,12822,80B3C56D0,2AA1EBD9570,1,1,2
884455,55624,809745BD0,2AA1CEAD220,1,1,2
884528,16523,800686BE0,2AA1E181310,1,1,2
885330,28414,80F225D30,2AA206380A0,1,1,2
885729,75874,818E0E410,2AA1F667A70,1,1,2
885731,72764,8091E0210,2AA1EFD5280,1,1,2
887427,27818,806ADC450,2AA1EF32A80,1,1,2
887451,18990,81E7B5650,2AA1F71B370,1,1,2
888073,28669,804095A70,2AA205E76C0,1,1,2
888100,26947,80BF52770,2AA1D3DFC70,1,1,2
889497,9440,80CE8A5E0,2AA1F0A3580,1,1,2
890544,79778,81E220CF0,2AA1F6AB570,1,1,2
890974,41489,8005AD860,2AA208063C0,1,1,2
891127,5236,81638F090,2AA1F62BB50,1,1,2
891273,89089,80A03FA40,2AA2067EDA0,1,1,2
892227,88387,80562C620,2AA1D16C360,1,1,2
893664,110649,8094F97A0,2AA20701BD0,1,1,2
894008,36572,80BE13C70,2AA2084EBB0,1,1,2
894074,86137,816493C00,2AA1D1CDBA0,1,1,2
894076,48575,8171EF380,2AA1CE839A0,1,1,2
894446,42348,80E8E7CE0,2AA1D2B6D40,1,1,2
894670,27046,80865E220,2AA1E3731B0,1,1,2
895034,51626,80A1C51F0,2AA1D030CE0,1,1,2
895224,103814,804BA2D20,2AA20832620,1,1,2
895706,100643,80DBEFB90,2AA1F148780,1,1,2
895917,85240,802FED2C0,2AA1CE86C00,1,1,2
896532,58454,81418D860,2AA1F46D540,1,1,2
896614,74916,811627F80,2AA20605F60,1,1,2
896694,86238,81D397290,2AA1F764490,1,1,2
896762,20253,812AEA7A0,2AA1F4F79A0,1,1,2
896790,19347,8053ADDA0,2AA1CD54400,1,1,2
896802,117723,81385B930,2AA1F4814E0,1,1,2
897277,19311,845A060A0,2AA20312E20,1,1,2
897365,81154,8140EA330,2AA1F484920,1,1,2
897606,16432,809ED0270,2AA1E8B0490,1,1,2
897863,81377,813CA99B0,2AA201046B0,1,1,2
897877,59150,80D35F2B0,2AA1EF7B880,1,1,2
898193,91437,80C456D00,2AA206EBEB0,1,1,2
898976,57160,80F21A650,2AA1F156E80,1,1,2
899014,95238,80E1782D0,2AA1D467A50,1,1,2
899475,33971,81FD76050,2AA1ECE89D0,1,1,2
899606,97845,80BFFC9F0,2AA208493F0,1,1,2
899618,88809,816954C70,2AA20741160,1,1,2
899706,54664,8222B7F00,2AA1F8AA440,1,1,2
900169,16121,800112C70,2AA1E119C10,1,1,2
900179,118965,80185A570,2AA1CC2A260,1,1,2
900543,100371,814C2A2D0,2AA2079DC60,1,1,2
900618,113446,800C11660,2AA1E347230,1,1,2
901115,99762,82F363CE0,2AA1FD25E00,1,1,2
901189,103720,800E1A2F0,2AA1E4D7590,1,1,2
902015,23429,818837E40,2AA1D8B7D70,1,1,2
902048,16121,800112A50,2AA1EBF7930,1,1,2
902118,32260,8031F10E0,2AA1E1494B0,1,1,2
902182,111307,815489770,2AA1F4428B0,1,1,2
902467,77104,816970830,2AA1D1E43C0,1,1,2
902698,23823,819EB46F0,2AA1E681310,1,1,2
902853,41489,8109AC410,2AA1CB47720,1,1,2
903252,107970,8048B8480,2AA206B6E70,1,1,2
903494,28879,80E111930,2AA1F178800,1,1,2
903821,99164,800918280,2AA1E1F6450,1,1,2
